CoachID,Name,Email
1,Ivy King,ivy.king0@gmail.com
2,Larry Sullivan,larry.sullivan1@cisco.com
3,Paul Porter,paul.porter2@apple.com
4,Carolyn Hudson,carolyn.hudson3@amazon.com
5,Jayden Montgomery,jayden.montgomery4@gmail.com
6,Lillian Richardson,lillian.richardson5@gmail.com
7,Teresa James,teresa.james6@icloud.com
8,Ezra Hunt,ezra.hunt7@gmail.com
9,Mildred Clark,mildred.clark8@icloud.com
10,Monica Ortiz,monica.ortiz9@microsoft.com
11,Hudson Lynch,hudson.lynch10@icloud.com
12,Eugene Carlson,eugene.carlson11@icloud.com
13,Timothy Robertson,timothy.robertson12@gmail.com
14,Willow Kelly,willow.kelly13@icloud.com
15,Isabella Dunn,isabella.dunn14@gmail.com
16,Thomas Howard,thomas.howard15@sony.com
17,Holly Goodwin,holly.goodwin16@homedepot.com
18,Lucy Martinez,lucy.martinez17@gmail.com
19,Paisley Li,paisley.li18@accenture.com
20,Rowan Newman,rowan.newman19@icloud.com
21,Samantha Ford,samantha.ford20@microsoft.com
22,Lucille Wheeler,lucille.wheeler21@me.com
23,Nicholas Stevens,nicholas.stevens22@outlook.com
24,Jocelyn Vega,jocelyn.vega23@outlook.com
25,Stella Nelson,stella.nelson24@microsoft.com
26,Alan Jacobs,alan.jacobs25@gmail.com
27,Virginia Vargas,virginia.vargas26@sony.com
28,Kathryn Daniels,kathryn.daniels27@outlook.com
29,Spencer Riley,spencer.riley28@gmail.com
30,Avery Snyder,avery.snyder29@gmail.com
31,Harold Thomas,harold.thomas30@icloud.com
32,Aria Simpson,aria.simpson31@gmail.com
33,Calvin Carr,calvin.carr32@3m.com
34,Kimberly Burns,kimberly.burns33@icloud.com
35,Mackenzie Jackson,mackenzie.jackson34@gmail.com
36,Bella Moore,bella.moore35@apple.com
37,Katherine Kennedy,katherine.kennedy36@gmail.com
38,Anna McCoy,anna.mccoy37@usbank.com
39,Cindy Adams,cindy.adams38@microsoft.com
40,Mariah Hernandez,mariah.hernandez39@hotmail.com
41,Maya Harrison,maya.harrison40@salesforce.com
42,Olivia Myers,olivia.myers41@apple.com
43,Bentley Tran,bentley.tran42@bain.com
44,Claire Gardner,claire.gardner43@live.com
45,Emily Vazquez,emily.vazquez44@geico.com
46,Gavin Parker,gavin.parker45@hotmail.com
47,Alexander Watkins,alexander.watkins46@novartis.com
48,Asher Phillips,asher.phillips47@gmail.com
49,Joanne Pena,joanne.pena48@workday.com
50,Bonnie Chambers,bonnie.chambers49@gmail.com
51,Laurie Smith,laurie.smith50@icloud.com
52,Katelyn Johnson,katelyn.johnson51@me.com
53,Trinity Taylor,trinity.taylor52@amazon.com
54,Denise Brooks,denise.brooks53@gmail.com
55,Penelope Jacobs,penelope.jacobs54@adobe.com
56,Samuel Lopez,samuel.lopez55@gmail.com
57,Christine Morgan,christine.morgan56@salesforce.com
58,Emilia Austin,emilia.austin57@gmail.com
59,Philip Bell,philip.bell58@dell.com
60,Erin Romero,erin.romero59@icloud.com
61,Brian Rose,brian.rose60@gmail.com
62,Marie Armstrong,marie.armstrong61@microsoft.com
63,Becky Munoz,becky.munoz62@cisco.com
64,Judith Williamson,judith.williamson63@gmail.com
65,Arianna Walker,arianna.walker64@icloud.com
66,Alyssa Silva,alyssa.silva65@gmail.com
67,Zachary French,zachary.french66@intel.com
68,Adam Figueroa,adam.figueroa67@microsoft.com
69,Alicia Guzman,alicia.guzman68@centurylink.net
70,Aurora Turner,aurora.turner69@icloud.com
71,Jacob Freeman,jacob.freeman70@gmail.com
72,Sebastian Woods,sebastian.woods71@microsoft.com
73,Anita Alvarez,anita.alvarez72@intel.com
74,Ronald Griffin,ronald.griffin73@gmail.com
75,Hunter Gordon,hunter.gordon74@icloud.com
76,Skylar Harris,skylar.harris75@hotmail.com
77,Rachel Harvey,rachel.harvey76@gmail.com
78,Carrie Mitchell,carrie.mitchell77@yahoo.com
79,Serenity Black,serenity.black78@gmail.com
80,Mason Rogers,mason.rogers79@gmail.com
81,Lois Palmer,lois.palmer80@icloud.com
82,Kristin Lee,kristin.lee81@icloud.com
83,Milo Scott,milo.scott82@walmart.com
84,River Martin,river.martin83@icloud.com
85,George Guerrero,george.guerrero84@pfizer.com
86,Hannah Rodriguez,hannah.rodriguez85@abbvie.com
87,Sarah Fisher,sarah.fisher86@icloud.com
88,Carter George,carter.george87@hotmail.com
89,Aiden Aguilar,aiden.aguilar88@homedepot.com
90,Julia Cruz,julia.cruz89@gmail.com
91,Richard Roberts,richard.roberts90@gmail.com
92,Patricia Greene,patricia.greene91@hotmail.com
93,Hazel Hernandes,hazel.hernandes92@gmail.com
94,Gianna Owens,gianna.owens93@hotmail.com
95,Summer Hoffman,summer.hoffman94@icloud.com
96,Sandra Contreras,sandra.contreras95@amazon.com
97,Bryan Rivera,bryan.rivera96@redhat.com
98,Nora Patel,nora.patel97@gmail.com
99,Connie Chen,connie.chen98@amazon.com
100,Ashton Hansen,ashton.hansen99@apple.com
101,Emmett Reid,emmett.reid100@gmail.com
102,Gladys Cox,gladys.cox101@southernco.com
103,Zoe West,zoe.west102@icloud.com
104,Chelsea Collins,chelsea.collins103@gmail.com
105,Lillian Payne,lillian.payne104@icloud.com
106,Eliana Marshall,eliana.marshall105@microsoft.com
107,Christian Bailey,christian.bailey106@aol.com
108,Megan Garcia,megan.garcia107@hotmail.com
109,Emma Fernandez,emma.fernandez108@jpmorgan.com
110,Susan Nichols,susan.nichols109@icloud.com
111,Audrey Ellis,audrey.ellis110@yahoo.com
112,Max Zimmerman,max.zimmerman111@gmail.com
113,Johnny Kelley,johnny.kelley112@optimum.net
114,Ryan Evans,ryan.evans113@gmail.com
115,Jasper Diaz,jasper.diaz114@icloud.com
116,Peter Johnston,peter.johnston115@icloud.com
117,Tiffany Shaw,tiffany.shaw116@live.com
118,Nicole Murphy,nicole.murphy117@yahoo.com
119,Jordan Brown,jordan.brown118@humana.com
120,John Bryant,john.bryant119@yahoo.com
121,Erica Oliver,erica.oliver120@microsoft.com
122,Alexandra Walsh,alexandra.walsh121@intel.com
123,Willie Herrera,willie.herrera122@icloud.com
124,Xavier Miller,xavier.miller123@gmail.com
125,Sofia Nunez,sofia.nunez124@conagrabrands.com
126,Leo Peterson,leo.peterson125@gmail.com
127,Caleb Santiago,caleb.santiago126@gmail.com
128,Ian Perry,ian.perry127@comcast.net
129,Mark Perez,mark.perez128@amazon.com
130,Wyatt Vasquez,wyatt.vasquez129@hotmail.com
131,Parker Sutton,parker.sutton130@icloud.com
132,Russell Reynolds,russell.reynolds131@gmail.com
133,Edna Holmes,edna.holmes132@gmail.com
134,Autumn Moreno,autumn.moreno133@icloud.com
135,Charlotte Olson,charlotte.olson134@gmail.com
136,Crystal Espinoza,crystal.espinoza135@yahoo.com
137,Delilah Barnes,delilah.barnes136@gmail.com
138,Roman Valdez,roman.valdez137@gmail.com
139,Lydia Ramos,lydia.ramos138@gmail.com
140,Madison Campbell,madison.campbell139@nvidia.com
141,Tyler Patterson,tyler.patterson140@gmail.com
142,Natalia Henry,natalia.henry141@mars.com
143,Nina Torres,nina.torres142@gmail.com
144,Beckett Williams,beckett.williams143@oracle.com
145,Helen Pierce,helen.pierce144@gmail.com
146,Carol Bennett,carol.bennett145@outlook.com
147,Violet Young,violet.young146@icloud.com
148,Kevin Reed,kevin.reed147@gmail.com
149,Jack Lawrence,jack.lawrence148@apple.com
150,Sharon Gibson,sharon.gibson149@apple.com
151,Landon Ryan,landon.ryan150@icloud.com
152,Abigail Berry,abigail.berry151@bd.com
153,Debra Hamilton,debra.hamilton152@gmail.com
154,Rosa Medina,rosa.medina153@yahoo.com
155,Harrison Mason,harrison.mason154@icloud.com
156,Sheryl Wells,sheryl.wells155@gmail.com
157,Louise Allen,louise.allen156@berkshirehathaway.com
158,Kennedy Wong,kennedy.wong157@me.com
159,Kyle Sims,kyle.sims158@microsoft.com
160,Leah Reyes,leah.reyes159@yahoo.com
161,Tara Ruiz,tara.ruiz160@gmail.com
162,Weston Lane,weston.lane161@hotmail.com
163,Everett Watson,everett.watson162@icloud.com
164,Dennis Garza,dennis.garza163@gmail.com
165,Emma Butler,emma.butler164@amazon.com
166,Ruby Lewis,ruby.lewis165@broadcom.com
167,Esther Morales,esther.morales166@gmail.com
168,Everly Peters,everly.peters167@usbank.com
169,James Ortega,james.ortega168@icloud.com
170,Brody Foster,brody.foster169@icloud.com
171,Vanessa Meyer,vanessa.meyer170@parker.com
172,Mary Romero,mary.romero171@gmail.com
173,Jenna Matthews,jenna.matthews172@gmail.com
174,Bernice Gilbert,bernice.gilbert173@apple.com
175,Joan Knight,joan.knight174@jbhunt.com
176,Karen Hayes,karen.hayes175@microsoft.com
177,Adalynn Hughes,adalynn.hughes176@sap.com
178,Ryker Jensen,ryker.jensen177@hp.com
179,Bryson Franklin,bryson.franklin178@gmail.com
180,Dylan Willis,dylan.willis179@gmail.com
181,Kaitlyn Powell,kaitlyn.powell180@abbott.com
182,Dawn Carroll,dawn.carroll181@gmail.com
183,Rhonda Tucker,rhonda.tucker182@gmail.com
184,Wesley Gomez,wesley.gomez183@dell.com
185,Paige Delgado,paige.delgado184@microsoft.com
186,Sara Robinson,sara.robinson185@icloud.com
187,Brandon Carter,brandon.carter186@gmail.com
188,Maria Ross,maria.ross187@ibm.com
189,Daniel Soto,daniel.soto188@hotmail.com
190,Ralph Flores,ralph.flores189@icloud.com
191,Ruby Price,ruby.price190@icloud.com
192,Faith Hawkins,faith.hawkins191@apple.com
193,Harper Larson,harper.larson192@gmail.com
194,Silas Murray,silas.murray193@hotmail.com
195,Maxwell Jenkins,maxwell.jenkins194@gmail.com
196,Madeline Long,madeline.long195@google.com
197,Theodore Duncan,theodore.duncan196@gmail.com
198,Makayla Hart,makayla.hart197@cisco.com
199,Angela Wagner,angela.wagner198@apple.com
200,Kingston Morris,kingston.morris199@gmail.com
201,Lily Henderson,lily.henderson200@gmail.com
202,Stephen Andrews,stephen.andrews201@gmail.com
203,Grace Dean,grace.dean202@gmail.com
204,Jeremy Alexander,jeremy.alexander203@icloud.com
205,Audrey Cunningham,audrey.cunningham204@gmail.com
206,Gabriella Singh,gabriella.singh205@gmail.com
207,Florence Hale,florence.hale206@gmail.com
208,Annie Mendoza,annie.mendoza207@gmail.com
209,Nancy O'Brien,nancy.obrien208@icloud.com
210,Cameron Crawford,cameron.crawford209@icloud.com
211,Jason Sanders,jason.sanders210@gmail.com
212,Cheryl Bradley,cheryl.bradley211@gmail.com
213,Hugo Ward,hugo.ward212@gmail.com
214,Charles Edwards,charles.edwards213@sap.com
215,Walter Baker,walter.baker214@yahoo.com
216,Gertrude Alvarado,gertrude.alvarado215@gmail.com
217,Jackson Mills,jackson.mills216@hotmail.com
218,Pamela Jimenez,pamela.jimenez217@gmail.com
219,Evelyn Green,evelyn.green218@cisco.com
220,Terry Chavez,terry.chavez219@gmail.com
221,Ethan Thompson,ethan.thompson220@gmail.com
222,Hayden Cole,hayden.cole221@oracle.com
223,Brooke Elliott,brooke.elliott222@gmail.com
224,Liam Cooper,liam.cooper223@microsoft.com
225,Catherine Russell,catherine.russell224@gmail.com
226,Vivian Burke,vivian.burke225@apple.com
227,Scott Manning,scott.manning226@mars.com
228,Ava Arnold,ava.arnold227@gmail.com
229,Brooklyn Wallace,brooklyn.wallace228@gmail.com
230,Betty Richards,betty.richards229@gmail.com
231,Easton Anderson,easton.anderson230@ey.com
232,Heather Castillo,heather.castillo231@outlook.com
233,Alexis Ray,alexis.ray232@gmail.com
234,Donald Maldonado,donald.maldonado233@gmail.com
235,Hailey Hill,hailey.hill234@outlook.com
236,Benjamin Wright,benjamin.wright235@gmail.com
237,Barbara Hanson,barbara.hanson236@gmail.com
238,Gregory Davis,gregory.davis237@dell.com
239,Elliott Mendez,elliott.mendez238@hotmail.com
240,Stephanie McDonald,stephanie.mcdonald239@gmail.com
241,Natalie Boyd,natalie.boyd240@gmail.com
242,Leslie Jones,leslie.jones241@icloud.com
243,Julie Stephens,julie.stephens242@ibm.com
244,Savannah Gray,savannah.gray243@outlook.com
245,Kelly Jordan,kelly.jordan244@gmail.com
246,Gabriel Salazar,gabriel.salazar245@gmail.com
247,Elena Kim,elena.kim246@microsoft.com
248,Jaxon Chapman,jaxon.chapman247@gmail.com
249,Peggy Gonzalez,peggy.gonzalez248@kroger.com
250,Marilyn Le,marilyn.le249@icloud.com
251,Michelle Perkins,michelle.perkins250@gmail.com
252,Lawrence Coleman,lawrence.coleman251@icloud.com
253,Peyton Howell,peyton.howell252@gmail.com
254,Ella Hunter,ella.hunter253@gmail.com
255,Eric Weaver,eric.weaver254@icloud.com
256,Judy Bishop,judy.bishop255@gmail.com
257,Lucas Sandoval,lucas.sandoval256@icloud.com
258,Addison Cook,addison.cook257@icloud.com
259,Jose Spencer,jose.spencer258@hotmail.com
260,Cole Nguyen,cole.nguyen259@gmail.com
261,Randy Webb,randy.webb260@gmail.com
262,Jacqueline Schmidt,jacqueline.schmidt261@icloud.com
263,Eli Castro,eli.castro262@yahoo.com
264,Rose Ferguson,rose.ferguson263@juniper.net
265,Joyce Sanchez,joyce.sanchez264@mayoclinic.org
266,Steven Grant,steven.grant265@gmail.com
267,Robert Parsons,robert.parsons266@icloud.com
268,Victoria Santos,victoria.santos267@icloud.com
269,Louis Stewart,louis.stewart268@gmail.com
270,Norma Estrada,norma.estrada269@cigna.com
271,Ryder Gutierrez,ryder.gutierrez270@kaiserpermanente.org
272,Emery Fox,emery.fox271@oracle.com
273,Juanita White,juanita.white272@gmail.com
274,Kaiden Hall,kaiden.hall273@texasinstruments.com
275,Veronica Warren,veronica.warren274@hotmail.com
276,Kylie Harper,kylie.harper275@google.com
277,Axel Washington,axel.washington276@microsoft.com
278,Noah Wood,noah.wood277@gmail.com
279,Ellie Dominguez,ellie.dominguez278@me.com
280,Dean Lawson,dean.lawson279@rtx.com
281,Tina Wilson,tina.wilson280@gmail.com
282,Meredith Gonzales,meredith.gonzales281@salesforce.com
283,Janet Ramirez,janet.ramirez282@icloud.com
284,Oscar Stone,oscar.stone283@yahoo.com
285,Preston Graham,preston.graham284@icloud.com
286,Diana Dixon,diana.dixon285@yahoo.com
287,Amy Rios,amy.rios286@geico.com
288,Sydney Hicks,sydney.hicks287@gmail.com
289,Shannon Simmons,shannon.simmons288@sap.com
290,Naomi Morrison,naomi.morrison289@icloud.com
291,David Rice,david.rice290@nvidia.com
292,Elaine Carpenter,elaine.carpenter291@microsoft.com
293,Felix Scott,felix.scott292@icloud.com
294,April Wood,april.wood293@gmail.com
295,Jill George,jill.george294@gmail.com
296,Andrea Bennett,andrea.bennett295@icloud.com
297,Bobby Cole,bobby.cole296@twc.com
298,Wesley Wong,wesley.wong297@gmail.com
299,Ruth Cook,ruth.cook298@icloud.com
300,Alice Ortega,alice.ortega299@outlook.com
301,Jennifer Armstrong,jennifer.armstrong300@gmail.com
302,Bennett Stevens,bennett.stevens301@gmail.com
303,Isabelle Gardner,isabelle.gardner302@yahoo.com
304,Josiah Henry,josiah.henry303@gmail.com
305,Bruce Jacobs,bruce.jacobs304@icloud.com
306,Albert Medina,albert.medina305@kaiserpermanente.org
307,Owen Zimmerman,owen.zimmerman306@gmail.com
308,Raymond Lynch,raymond.lynch307@icloud.com
309,Colton Myers,colton.myers308@paypal.com
310,Jessica Tucker,jessica.tucker309@gmail.com
311,Oliver Newman,oliver.newman310@tesla.com
312,Diane Figueroa,diane.figueroa311@gmail.com
313,Gerald Andrews,gerald.andrews312@gmail.com
314,Chloe O'Brien,chloe.obrien313@icloud.com
315,Allison Burns,allison.burns314@servicenow.com
316,Danielle Gray,danielle.gray315@nestle.com
317,Donna Pena,donna.pena316@gmail.com
318,Wanda Reynolds,wanda.reynolds317@gmail.com
319,Lynn Holmes,lynn.holmes318@gmail.com
320,Chase Warren,chase.warren319@gmail.com
321,Melanie Fox,melanie.fox320@icloud.com
322,Isaac Woods,isaac.woods321@gmail.com
323,Elizabeth Carlson,elizabeth.carlson322@unionpacific.com
324,Logan Goodwin,logan.goodwin323@me.com
325,Joseph Hansen,joseph.hansen324@gmail.com
326,Sawyer Miller,sawyer.miller325@icloud.com
327,Jeffrey Wilson,jeffrey.wilson326@me.com
328,Aaron Turner,aaron.turner327@dropbox.com
329,Christopher Kelly,christopher.kelly328@gmail.com
330,Bailey McCoy,bailey.mccoy329@texasinstruments.com
331,Frank Mitchell,frank.mitchell330@ibm.com
332,Brittany Romero,brittany.romero331@yahoo.com
333,Eleanor Ford,eleanor.ford332@icloud.com
334,Lauren Morgan,lauren.morgan333@icloud.com
335,Martha Simpson,martha.simpson334@gmail.com
336,Tammy Johnson,tammy.johnson335@yahoo.com
337,Alexa Freeman,alexa.freeman336@gmail.com
338,Valerie Ward,valerie.ward337@amazon.com
339,Pauline Pierce,pauline.pierce338@broadcom.com
340,Justin Carr,justin.carr339@icloud.com
341,Courtney Russell,courtney.russell340@vmware.com
342,Brenda Contreras,brenda.contreras341@amazon.com
343,Brittney Gilbert,brittney.gilbert342@gmail.com
344,Jesse Cooper,jesse.cooper343@gmail.com
345,Linda Wright,linda.wright344@hotmail.com
346,Marcus Hicks,marcus.hicks345@appliedmaterials.com
347,Doris Ray,doris.ray346@gmail.com
348,Lori Gonzalez,lori.gonzalez347@outlook.com
349,Luke Aguilar,luke.aguilar348@icloud.com
350,Riley Nunez,riley.nunez349@wellsfargo.com
351,Joshua Stewart,joshua.stewart350@qualcomm.com
352,Tucker Butler,tucker.butler351@chubb.com
353,Shirley James,shirley.james352@gmail.com
354,Thelma Fernandez,thelma.fernandez353@gmail.com
355,Vincent Sandoval,vincent.sandoval354@amazon.com
356,Levi Walker,levi.walker355@icloud.com
357,Georgia Brooks,georgia.brooks356@hotmail.com
358,Alice Mendoza,alice.mendoza357@icloud.com
359,Irene Hunter,irene.hunter358@outlook.com
360,Caroline Dixon,caroline.dixon359@gmail.com
361,Gloria Reid,gloria.reid360@bostonscientific.com
362,Nathan Mason,nathan.mason361@broadcom.com
363,Doreen Estrada,doreen.estrada362@earthlink.net
364,Elijah Hill,elijah.hill363@aol.com
365,Josephine Kennedy,josephine.kennedy364@outlook.com
366,Scarlett Clark,scarlett.clark365@paccar.com
367,Destiny Baker,destiny.baker366@gmail.com
368,Cassandra Sims,cassandra.sims367@hotmail.com
369,Blake Larson,blake.larson368@yahoo.com
370,Tristan Richardson,tristan.richardson369@mastercard.com
371,Lincoln Ortiz,lincoln.ortiz370@icloud.com
372,Rita Brown,rita.brown371@gmail.com
373,Amanda Stone,amanda.stone372@progressive.com
374,Gage Long,gage.long373@gmail.com
375,Hazel Thomas,hazel.thomas374@aol.com
376,Matthew Ruiz,matthew.ruiz375@gmail.com
377,Jasmine Duncan,jasmine.duncan376@microsoft.com
378,Miles Perez,miles.perez377@costco.com
379,Billy Matthews,billy.matthews378@icloud.com
380,Sophia Walsh,sophia.walsh379@aol.com
381,Jace Hernandez,jace.hernandez380@gmail.com
382,Edward Ramos,edward.ramos381@gmail.com
383,Joe Henderson,joe.henderson382@gmail.com
384,Paula Vazquez,paula.vazquez383@arista.com
385,Morgan Owens,morgan.owens384@dell.com
386,Andrew Chambers,andrew.chambers385@gmail.com
387,Lisa Perkins,lisa.perkins386@gmail.com
388,Deborah Crawford,deborah.crawford387@yahoo.com
389,Cynthia Gibson,cynthia.gibson388@cvshealth.com
390,Laura Boyd,laura.boyd389@live.com
391,Connor Adams,connor.adams390@gmail.com
392,Oliver Simmons,oliver.simmons391@gmail.com
393,Jean Ferguson,jean.ferguson392@gmail.com
394,Juan Johnston,juan.johnston393@live.com
395,Henry Carter,henry.carter394@visa.com
396,Nolan Young,nolan.young395@gmail.com
397,Christina Hernandes,christina.hernandes396@gmail.com
398,Reagan Dean,reagan.dean397@gmail.com
399,Regina Evans,regina.evans398@visa.com
400,Leilani Jacobs,leilani.jacobs399@crowdstrike.com
401,William Santos,william.santos400@aol.com
402,Jude Williamson,jude.williamson401@proton.me
403,Kaden Moreno,kaden.moreno402@gmail.com
404,Micah White,micah.white403@apple.com
405,Kinsley Stephens,kinsley.stephens404@geico.com
406,Eva Hart,eva.hart405@nissanusa.com
407,Greyson Morrison,greyson.morrison406@gmail.com
408,Ann Silva,ann.silva407@gmail.com
409,Keith Reed,keith.reed408@dell.com
410,Taylor Chavez,taylor.chavez409@gmail.com
411,Geraldine Torres,geraldine.torres410@gmail.com
412,Cassie Richards,cassie.richards411@gmail.com
413,Austin Guzman,austin.guzman412@icloud.com
414,Kristen Romero,kristen.romero413@apple.com
415,Mia Bryant,mia.bryant414@icloud.com
416,Cooper Guerrero,cooper.guerrero415@gmail.com
417,Griffin Alexander,griffin.alexander416@usbank.com
418,Lincoln Delgado,lincoln.delgado417@outlook.com
419,Brayden Espinoza,brayden.espinoza418@gmail.com
420,Ariana Ellis,ariana.ellis419@gmail.com
421,Ezekiel Diaz,ezekiel.diaz420@gmail.com
422,Layla Gordon,layla.gordon421@adobe.com
423,Sean Price,sean.price422@gmail.com
424,Molly Carpenter,molly.carpenter423@gmail.com
425,Margaret Rios,margaret.rios424@gmail.com
426,Piper Bishop,piper.bishop425@gmail.com
427,Damian Smith,damian.smith426@yahoo.com
428,Phyllis Montgomery,phyllis.montgomery427@gmail.com
429,Roy Jensen,roy.jensen428@hp.com
430,Luna Lawrence,luna.lawrence429@gmail.com
431,Maverick Knight,maverick.knight430@dell.com
432,Rebecca Shaw,rebecca.shaw431@icloud.com
433,Dominic Campbell,dominic.campbell432@icloud.com
434,Grayson Hale,grayson.hale433@icloud.com
435,Gary Spencer,gary.spencer434@gmail.com
436,Arthur Santiago,arthur.santiago435@microsoft.com
437,Jerry Morales,jerry.morales436@icloud.com
438,Melissa Peterson,melissa.peterson437@gmail.com
439,Kelsey Harper,kelsey.harper438@deloitte.com
440,Maddox Oliver,maddox.oliver439@icloud.com
441,Declan Green,declan.green440@gmail.com
442,Valentina Perry,valentina.perry441@gmail.com
443,Roger Williams,roger.williams442@gmail.com
444,Evan Black,evan.black443@icloud.com
445,Amber Martin,amber.martin444@capitalone.com
446,Carl Arnold,carl.arnold445@samsung.com
447,Josephine Rivera,josephine.rivera446@icloud.com
448,Bradley Rogers,bradley.rogers447@gmail.com
449,Michael Nelson,michael.nelson448@hotmail.com
450,Ashley Salazar,ashley.salazar449@hp.com
451,Katie Parsons,katie.parsons450@icloud.com
452,Gail Soto,gail.soto451@icloud.com
453,Mateo Webb,mateo.webb452@icloud.com
454,Frances Riley,frances.riley453@gmail.com
455,Carson Graham,carson.graham454@yum.com
456,Dana Parker,dana.parker455@gmail.com
457,Wendy Bell,wendy.bell456@usbank.com
458,Kayla Payne,kayla.payne457@gmail.com
459,Kathleen Daniels,kathleen.daniels458@slack.com
460,Madelyn Cruz,madelyn.cruz459@intuit.com
461,Jonah Rice,jonah.rice460@yahoo.com
462,Janice Harvey,janice.harvey461@gmail.com
463,Brianna Bradley,brianna.bradley462@microsoft.com
464,Ellen Flores,ellen.flores463@gmail.com
465,Adrian Herrera,adrian.herrera464@microsoft.com
466,Patrick Franklin,patrick.franklin465@qualcomm.com
467,Quinn Wells,quinn.wells466@gmail.com
468,Anthony McDonald,anthony.mcdonald467@yahoo.com
469,Bethany Dunn,bethany.dunn468@icloud.com
470,Jonathan Alvarado,jonathan.alvarado469@google.com
471,Victor Sutton,victor.sutton470@github.com
472,Dorothy Elliott,dorothy.elliott471@hotmail.com
473,Theresa Phillips,theresa.phillips472@gmail.com
474,Jamie Vasquez,jamie.vasquez473@me.com
475,Wayne Dominguez,wayne.dominguez474@verizon.net
476,Douglas Kim,douglas.kim475@astrazeneca.com
477,Kenneth Fisher,kenneth.fisher476@charter.net
478,Theo Chen,theo.chen477@accenture.com
479,Jade Porter,jade.porter478@icloud.com
480,Whitney Sanders,whitney.sanders479@gmail.com
481,Stacy Robinson,stacy.robinson480@apple.com
482,Beverly Austin,beverly.austin481@microsoft.com
483,Brandy Coleman,brandy.coleman482@yahoo.com
484,Gabriella Lewis,gabriella.lewis483@fisglobal.com
485,Andrew King,andrew.king484@gmail.com
486,Isaac Le,isaac.le485@adobe.com
487,Harper Martinez,harper.martinez486@gmail.com
488,Jacob Berry,jacob.berry487@morganstanley.com
489,Bryson Hoffman,bryson.hoffman488@emerson.com
490,Sharon Vargas,sharon.vargas489@gmail.com
491,Gloria Hanson,gloria.hanson490@gmail.com
492,Kristin Roberts,kristin.roberts491@amazon.com
493,Mateo Castillo,mateo.castillo492@google.com
494,Rose Castro,rose.castro493@icloud.com
495,Zachary Nguyen,zachary.nguyen494@aol.com
496,Kyle West,kyle.west495@icloud.com
497,Cynthia Cunningham,cynthia.cunningham496@gmail.com
498,Lucille Gutierrez,lucille.gutierrez497@vmware.com
499,Lydia Hudson,lydia.hudson498@me.com
500,Luke Foster,luke.foster499@live.com
