PlayerID,Name,Email,Position,TeamID
1,Nancy Wong,nancy.wong0@icloud.com,Setter,328
2,Mark Santos,mark.santos1@gmail.com,Libero,431
3,Barbara Gordon,barbara.gordon2@hotmail.com,Outside Hitter,516
4,Kaiden Graham,kaiden.graham3@gmail.com,Setter,705
5,Jaxon Duncan,jaxon.duncan4@gmail.com,Setter,119
6,Carrie Taylor,carrie.taylor5@gmail.com,Setter,343
7,Anita Murray,anita.murray6@gmail.com,Setter,24
8,Layla Nichols,layla.nichols7@icloud.com,Setter,668
9,Grace Scott,grace.scott8@gmail.com,Opposite,421
10,Landon Johnson,landon.johnson9@hotmail.com,Middle Blocker,67
11,Dylan Li,dylan.li10@gmail.com,Outside Hitter,168
12,Edna Guerrero,edna.guerrero11@icloud.com,Libero,878
13,Miles White,miles.white12@gmail.com,Outside Hitter,154
14,Bailey Reed,bailey.reed13@hotmail.com,Libero,920
15,Emmett Richards,emmett.richards14@gmail.com,Setter,186
16,Lillian Hamilton,lillian.hamilton15@gmail.com,Setter,747
17,Lily Ross,lily.ross16@gmail.com,Setter,80
18,Austin Estrada,austin.estrada17@gmail.com,Outside Hitter,455
19,Eliana King,eliana.king18@gmail.com,Opposite,505
20,Elijah Roberts,elijah.roberts19@yahoo.com,Opposite,435
21,Frank Price,frank.price20@icloud.com,Opposite,954
22,Declan Carpenter,declan.carpenter21@icloud.com,Outside Hitter,725
23,Autumn Williams,autumn.williams22@gmail.com,Libero,654
24,Benjamin Kelly,benjamin.kelly23@gmail.com,Middle Blocker,658
25,Vincent Hill,vincent.hill24@me.com,Setter,919
26,Piper Matthews,piper.matthews25@gmail.com,Libero,319
27,Sophia Maldonado,sophia.maldonado26@icloud.com,Libero,296
28,Harrison Pierce,harrison.pierce27@yahoo.com,Setter,987
29,Elena Hale,elena.hale28@gmail.com,Opposite,743
30,Damian Wood,damian.wood29@gmail.com,Libero,610
31,Arianna McDonald,arianna.mcdonald30@gmail.com,Opposite,89
32,Sara Tran,sara.tran31@gmail.com,Setter,81
33,Tristan Knight,tristan.knight32@gmail.com,Opposite,911
34,Connie Reyes,connie.reyes33@icloud.com,Opposite,775
35,Tara Gilbert,tara.gilbert34@gmail.com,Outside Hitter,940
36,Audrey Shaw,audrey.shaw35@gmail.com,Opposite,295
37,Paisley Sanchez,paisley.sanchez36@yahoo.com,Middle Blocker,706
38,Rachel Sanders,rachel.sanders37@gmail.com,Opposite,365
39,Rowan Hunt,rowan.hunt38@gmail.com,Opposite,965
40,Sarah Patel,sarah.patel39@verizon.net,Outside Hitter,726
41,Megan Campbell,megan.campbell40@gmail.com,Middle Blocker,100
42,Jonah Hoffman,jonah.hoffman41@icloud.com,Middle Blocker,913
43,Milo George,milo.george42@gmail.com,Middle Blocker,682
44,Brooklyn Martin,brooklyn.martin43@gmail.com,Libero,803
45,Evelyn Olson,evelyn.olson44@gmail.com,Outside Hitter,656
46,Wyatt Gonzales,wyatt.gonzales45@live.com,Libero,982
47,Leslie Carlson,leslie.carlson46@gmail.com,Middle Blocker,285
48,Joyce Snyder,joyce.snyder47@gmail.com,Setter,424
49,Alan Greene,alan.greene48@gmail.com,Outside Hitter,138
50,Blake Zimmerman,blake.zimmerman49@hotmail.com,Opposite,893
51,Parker Barnes,parker.barnes50@gmail.com,Opposite,409
52,Caroline Soto,caroline.soto51@gmail.com,Libero,208
53,Randy Hughes,randy.hughes52@gmail.com,Outside Hitter,973
54,Julie Hayes,julie.hayes53@gmail.com,Outside Hitter,778
55,Gloria Ortiz,gloria.ortiz54@hotmail.com,Setter,303
56,Mateo Webb,mateo.webb55@gmail.com,Outside Hitter,77
57,Wendy Ward,wendy.ward56@gmail.com,Middle Blocker,826
58,Alexis Marshall,alexis.marshall57@gmail.com,Opposite,678
59,Nicholas Moore,nicholas.moore58@gmail.com,Opposite,902
60,Kimberly Kennedy,kimberly.kennedy59@icloud.com,Setter,740
61,Johnny Lewis,johnny.lewis60@yahoo.com,Setter,521
62,Jamie Gray,jamie.gray61@gmail.com,Outside Hitter,995
63,Oliver Porter,oliver.porter62@gmail.com,Opposite,792
64,Victoria Rios,victoria.rios63@icloud.com,Middle Blocker,86
65,Brandy Espinoza,brandy.espinoza64@gmail.com,Setter,74
66,Elaine Phillips,elaine.phillips65@gmail.com,Outside Hitter,304
67,Scarlett Green,scarlett.green66@gmail.com,Middle Blocker,713
68,Dawn Vega,dawn.vega67@icloud.com,Middle Blocker,750
69,Destiny Le,destiny.le68@gmail.com,Outside Hitter,769
70,Monica Berry,monica.berry69@icloud.com,Opposite,510
71,Adrian Goodwin,adrian.goodwin70@gmail.com,Libero,365
72,Wanda Daniels,wanda.daniels71@gmail.com,Opposite,285
73,Virginia Crawford,virginia.crawford72@fastmail.com,Opposite,38
74,Doris Lane,doris.lane73@icloud.com,Middle Blocker,356
75,Tyler Grant,tyler.grant74@outlook.com,Middle Blocker,361
76,Russell Gonzalez,russell.gonzalez75@gmail.com,Middle Blocker,155
77,Samantha Collins,samantha.collins76@gmail.com,Libero,102
78,Kevin Nelson,kevin.nelson77@gmail.com,Outside Hitter,107
79,Preston Henderson,preston.henderson78@att.net,Libero,815
80,Riley Ellis,riley.ellis79@gmail.com,Libero,285
81,Peggy Montgomery,peggy.montgomery80@gmail.com,Opposite,792
82,Julia Freeman,julia.freeman81@proton.me,Outside Hitter,138
83,Bernice Medina,bernice.medina82@gmail.com,Outside Hitter,178
84,Lori Pena,lori.pena83@gmail.com,Opposite,118
85,Esther Franklin,esther.franklin84@gmail.com,Middle Blocker,570
86,Willie Harrison,willie.harrison85@gmail.com,Opposite,285
87,Becky Rivera,becky.rivera86@icloud.com,Setter,913
88,Tiffany Morgan,tiffany.morgan87@gmail.com,Libero,346
89,Kaitlyn Murphy,kaitlyn.murphy88@live.com,Setter,506
90,Jace Wagner,jace.wagner89@gmail.com,Libero,628
91,Carolyn Dunn,carolyn.dunn90@icloud.com,Opposite,975
92,Ezekiel Meyer,ezekiel.meyer91@gmail.com,Setter,806
93,Brody Carr,brody.carr92@gmail.com,Opposite,530
94,Cheryl Powell,cheryl.powell93@gmail.com,Libero,264
95,Janet Harris,janet.harris94@hotmail.com,Outside Hitter,864
96,Ian Woods,ian.woods95@outlook.com,Middle Blocker,941
97,Sharon Sims,sharon.sims96@gmail.com,Libero,211
98,Chelsea Vasquez,chelsea.vasquez97@aol.com,Setter,443
99,Eric Hansen,eric.hansen98@gmail.com,Outside Hitter,352
100,Cassandra Gutierrez,cassandra.gutierrez99@gmail.com,Middle Blocker,77
101,Judith Simpson,judith.simpson100@gmail.com,Setter,775
102,Ruby Chavez,ruby.chavez101@me.com,Libero,24
103,Juan Schmidt,juan.schmidt102@gmail.com,Libero,520
104,Dana Cruz,dana.cruz103@outlook.com,Setter,733
105,Samuel Stewart,samuel.stewart104@gmail.com,Opposite,818
106,Jonathan Alexander,jonathan.alexander105@gmail.com,Libero,244
107,George Chambers,george.chambers106@gmail.com,Outside Hitter,638
108,Anna Mason,anna.mason107@yahoo.com,Setter,504
109,Justin Santiago,justin.santiago108@gmail.com,Setter,964
110,Naomi Cooper,naomi.cooper109@outlook.com,Middle Blocker,390
111,Hudson Walker,hudson.walker110@gmail.com,Middle Blocker,565
112,Delilah Fox,delilah.fox111@outlook.com,Libero,970
113,Aaron Castillo,aaron.castillo112@icloud.com,Libero,335
114,Ashley Chapman,ashley.chapman113@gmail.com,Opposite,731
115,Dominic Payne,dominic.payne114@comcast.net,Outside Hitter,176
116,Paula Diaz,paula.diaz115@icloud.com,Middle Blocker,101
117,Mia Lee,mia.lee116@gmail.com,Opposite,972
118,Griffin Washington,griffin.washington117@gmail.com,Middle Blocker,576
119,Alexander Foster,alexander.foster118@gmail.com,Outside Hitter,257
120,Brianna Hicks,brianna.hicks119@gmail.com,Middle Blocker,62
121,Raymond Harvey,raymond.harvey120@hotmail.com,Setter,970
122,Hunter Stone,hunter.stone121@gmail.com,Outside Hitter,199
123,Phyllis Hernandes,phyllis.hernandes122@icloud.com,Setter,712
124,Maverick Ford,maverick.ford123@yahoo.com,Middle Blocker,146
125,Luke Bell,luke.bell124@gmail.com,Setter,512
126,Caleb Gomez,caleb.gomez125@gmail.com,Middle Blocker,912
127,Judy Hawkins,judy.hawkins126@outlook.com,Setter,771
128,James Dixon,james.dixon127@icloud.com,Libero,376
129,Kayla Hernandez,kayla.hernandez128@gmail.com,Opposite,278
130,Bryan Cook,bryan.cook129@gmail.com,Setter,648
131,Mason Robinson,mason.robinson130@icloud.com,Middle Blocker,916
132,Trinity Nguyen,trinity.nguyen131@att.net,Setter,97
133,Owen Thompson,owen.thompson132@outlook.com,Libero,738
134,Micah Henry,micah.henry133@gmail.com,Setter,616
135,Irene Jones,irene.jones134@yahoo.com,Libero,613
136,Leilani Evans,leilani.evans135@hotmail.com,Middle Blocker,611
137,Taylor Jimenez,taylor.jimenez136@outlook.com,Outside Hitter,621
138,Gabriel Anderson,gabriel.anderson137@gmail.com,Middle Blocker,611
139,Stephanie Johnston,stephanie.johnston138@gmail.com,Libero,828
140,Philip Reid,philip.reid139@gmail.com,Libero,726
141,Kristin Vargas,kristin.vargas140@gmail.com,Opposite,954
142,Calvin Newman,calvin.newman141@gmail.com,Setter,11
143,Timothy Patterson,timothy.patterson142@gmail.com,Libero,279
144,Hazel Singh,hazel.singh143@outlook.com,Setter,19
145,Wesley Willis,wesley.willis144@gmail.com,Opposite,791
146,Adam Burns,adam.burns145@outlook.com,Libero,256
147,Theodore Arnold,theodore.arnold146@gmail.com,Outside Hitter,95
148,Ella Weaver,ella.weaver147@icloud.com,Opposite,691
149,Ellie Bennett,ellie.bennett148@gmail.com,Libero,122
150,Oliver Williamson,oliver.williamson149@outlook.com,Opposite,609
151,Everett Bryant,everett.bryant150@gmail.com,Opposite,45
152,Roman Morales,roman.morales151@gmail.com,Setter,455
153,Janice Nunez,janice.nunez152@gmail.com,Outside Hitter,152
154,Bethany Lawrence,bethany.lawrence153@gmail.com,Setter,712
155,Diana Turner,diana.turner154@icloud.com,Setter,546
156,Lincoln Figueroa,lincoln.figueroa155@gmail.com,Opposite,585
157,Carter Herrera,carter.herrera156@hotmail.com,Libero,177
158,Jack Harper,jack.harper157@yahoo.com,Libero,286
159,Sofia Rogers,sofia.rogers158@gmail.com,Libero,273
160,Hailey Burke,hailey.burke159@gmail.com,Opposite,866
161,Eugene Stephens,eugene.stephens160@gmail.com,Setter,218
162,Isaac Contreras,isaac.contreras161@gmail.com,Outside Hitter,266
163,Elizabeth Wallace,elizabeth.wallace162@gmail.com,Opposite,607
164,Rosa Fernandez,rosa.fernandez163@gmail.com,Middle Blocker,827
165,Maria Dominguez,maria.dominguez164@gmail.com,Libero,247
166,Charlotte Kelley,charlotte.kelley165@gmail.com,Setter,162
167,Cassie Allen,cassie.allen166@icloud.com,Setter,963
168,Addison Sandoval,addison.sandoval167@gmail.com,Outside Hitter,746
169,Gertrude Riley,gertrude.riley168@icloud.com,Opposite,353
170,Leo Howell,leo.howell169@outlook.com,Opposite,103
171,Ryker Tucker,ryker.tucker170@gmail.com,Opposite,33
172,Harper Ortega,harper.ortega171@gmail.com,Setter,69
173,Asher Ruiz,asher.ruiz172@gmail.com,Libero,393
174,Lauren Chen,lauren.chen173@gmail.com,Outside Hitter,564
175,Kathryn Adams,kathryn.adams174@icloud.com,Opposite,433
176,Josiah Jenkins,josiah.jenkins175@gmail.com,Middle Blocker,98
177,Doreen Austin,doreen.austin176@icloud.com,Setter,3
178,Joshua Stevens,joshua.stevens177@gmail.com,Opposite,270
179,Harold Sutton,harold.sutton178@icloud.com,Middle Blocker,908
180,Emma Watson,emma.watson179@gmail.com,Libero,290
181,Colton Silva,colton.silva180@yahoo.com,Libero,813
182,Jayden Salazar,jayden.salazar181@gmail.com,Opposite,301
183,Emma Morris,emma.morris182@icloud.com,Setter,5
184,Heather Ramirez,heather.ramirez183@gmail.com,Libero,83
185,Daniel Dean,daniel.dean184@gmail.com,Outside Hitter,130
186,Ronald Young,ronald.young185@gmail.com,Middle Blocker,548
187,Pauline Howard,pauline.howard186@gmail.com,Opposite,409
188,Lillian Cunningham,lillian.cunningham187@gmail.com,Libero,650
189,Angela Richardson,angela.richardson188@icloud.com,Libero,830
190,Holly Butler,holly.butler189@me.com,Middle Blocker,148
191,Teresa Aguilar,teresa.aguilar190@icloud.com,Libero,950
192,Cameron Valdez,cameron.valdez191@icloud.com,Setter,500
193,Lincoln Bradley,lincoln.bradley192@gmail.com,Opposite,232
194,Lydia Fisher,lydia.fisher193@icloud.com,Setter,719
195,Gage Carroll,gage.carroll194@gmail.com,Middle Blocker,813
196,Wesley Castro,wesley.castro195@hotmail.com,Setter,491
197,Olivia Alvarez,olivia.alvarez196@gmail.com,Setter,439
198,Donald Oliver,donald.oliver197@icloud.com,Opposite,209
199,Christopher Vazquez,christopher.vazquez198@gmail.com,Middle Blocker,277
200,Kinsley Mitchell,kinsley.mitchell199@icloud.com,Setter,943
201,Vivian Delgado,vivian.delgado200@icloud.com,Outside Hitter,958
202,Cynthia Spencer,cynthia.spencer201@gmail.com,Outside Hitter,536
203,Madison Carter,madison.carter202@gmail.com,Setter,189
204,Hugo Ferguson,hugo.ferguson203@hotmail.com,Outside Hitter,951
205,Axel Mills,axel.mills204@icloud.com,Outside Hitter,523
206,Martha Larson,martha.larson205@gmail.com,Outside Hitter,289
207,Mary Sullivan,mary.sullivan206@icloud.com,Middle Blocker,854
208,Dean Jordan,dean.jordan207@gmail.com,Middle Blocker,542
209,Christian Lynch,christian.lynch208@gmail.com,Opposite,696
210,Weston Gardner,weston.gardner209@proton.me,Setter,174
211,Theo Myers,theo.myers210@icloud.com,Middle Blocker,317
212,Elliott Munoz,elliott.munoz211@gmail.com,Outside Hitter,863
213,Bentley Rose,bentley.rose212@yahoo.com,Libero,704
214,Nicole Guzman,nicole.guzman213@icloud.com,Middle Blocker,873
215,Jacqueline Torres,jacqueline.torres214@gmail.com,Middle Blocker,209
216,Susan Hudson,susan.hudson215@icloud.com,Opposite,649
217,Ariana Alvarado,ariana.alvarado216@hotmail.com,Opposite,676
218,Stella Peterson,stella.peterson217@gmail.com,Opposite,317
219,Lucy Davis,lucy.davis218@outlook.com,Middle Blocker,523
220,Gary Jackson,gary.jackson219@gmail.com,Middle Blocker,694
221,Emily Hart,emily.hart220@gmail.com,Libero,863
222,Lucas Reynolds,lucas.reynolds221@gmail.com,Libero,247
223,Norma Mendoza,norma.mendoza222@yahoo.com,Opposite,67
224,Luna Parsons,luna.parsons223@gmail.com,Middle Blocker,571
225,Peyton Wheeler,peyton.wheeler224@gmail.com,Outside Hitter,824
226,Hayden Baker,hayden.baker225@gmail.com,Libero,801
227,Donna Armstrong,donna.armstrong226@hotmail.com,Setter,233
228,Eli Rice,eli.rice227@outlook.com,Opposite,269
229,Georgia Owens,georgia.owens228@icloud.com,Opposite,173
230,Morgan Cole,morgan.cole229@gmail.com,Setter,455
231,Tammy Jensen,tammy.jensen230@zoho.com,Outside Hitter,303
232,Cole Holmes,cole.holmes231@outlook.com,Outside Hitter,86
233,Jacob Wilson,jacob.wilson232@gmail.com,Outside Hitter,511
234,Peter Robertson,peter.robertson233@gmail.com,Middle Blocker,914
235,Thomas Gibson,thomas.gibson234@icloud.com,Libero,169
236,Kaden Black,kaden.black235@gmail.com,Opposite,583
237,Kenneth Jacobs,kenneth.jacobs236@gmail.com,Outside Hitter,709
238,Frances Miller,frances.miller237@icloud.com,Middle Blocker,684
239,Marcus Wright,marcus.wright238@gmail.com,Middle Blocker,183
240,Natalie Palmer,natalie.palmer239@icloud.com,Middle Blocker,780
241,River Andrews,river.andrews240@icloud.com,Middle Blocker,279
242,Roy Boyd,roy.boyd241@outlook.com,Libero,681
243,Arthur French,arthur.french242@gmail.com,Setter,381
244,Kelly Romero,kelly.romero243@hotmail.com,Middle Blocker,483
245,Linda Bishop,linda.bishop244@gmail.com,Opposite,709
246,Juanita Kim,juanita.kim245@gmail.com,Setter,166
247,Ezra Jacobs,ezra.jacobs246@gmail.com,Libero,819
248,Jade Moreno,jade.moreno247@gmail.com,Libero,821
249,Kathleen Long,kathleen.long248@gmail.com,Opposite,912
250,Joseph Parker,joseph.parker249@hotmail.com,Middle Blocker,693
251,Amy Thomas,amy.thomas250@icloud.com,Outside Hitter,128
252,Margaret Smith,margaret.smith251@gmail.com,Opposite,684
253,Jennifer Ramos,jennifer.ramos252@gmail.com,Libero,708
254,Nina Wells,nina.wells253@gmail.com,Libero,126
255,Sebastian Garza,sebastian.garza254@gmail.com,Middle Blocker,600
256,Kelsey O'Brien,kelsey.obrien255@gmail.com,Setter,512
257,Dennis Morrison,dennis.morrison256@gmail.com,Middle Blocker,309
258,Ralph Walsh,ralph.walsh257@gmail.com,Opposite,457
259,Oscar West,oscar.west258@gmail.com,Setter,88
260,Mackenzie Lawson,mackenzie.lawson259@icloud.com,Middle Blocker,542
261,Denise Peters,denise.peters260@gmail.com,Setter,744
262,Jenna Hanson,jenna.hanson261@gmail.com,Setter,580
263,Jose Ryan,jose.ryan262@outlook.com,Opposite,722
264,Alicia Ray,alicia.ray263@gmail.com,Setter,219
265,Richard Perez,richard.perez264@gmail.com,Middle Blocker,225
266,Melissa Flores,melissa.flores265@gmail.com,Setter,700
267,Paul Mendez,paul.mendez266@gmail.com,Setter,792
268,Christine Bailey,christine.bailey267@icloud.com,Outside Hitter,828
269,Danielle James,danielle.james268@gmail.com,Libero,219
270,John Romero,john.romero269@gmail.com,Setter,659
271,Violet Coleman,violet.coleman270@gmail.com,Libero,746
272,Jocelyn Hall,jocelyn.hall271@gmail.com,Libero,964
273,Tina Hunter,tina.hunter272@hotmail.com,Outside Hitter,774
274,Laura Griffin,laura.griffin273@gmail.com,Opposite,64
275,Stephen Elliott,stephen.elliott274@gmail.com,Middle Blocker,879
276,Felix Watkins,felix.watkins275@icloud.com,Setter,204
277,Stacy Rodriguez,stacy.rodriguez276@gmail.com,Libero,767
278,Helen Russell,helen.russell277@gmail.com,Opposite,809
279,Katelyn Cox,katelyn.cox278@icloud.com,Outside Hitter,366
280,Kyle Brown,kyle.brown279@aol.com,Opposite,698
281,Nora McCoy,nora.mccoy280@icloud.com,Setter,751
282,Mariah Warren,mariah.warren281@gmail.com,Middle Blocker,73
283,Theresa Martinez,theresa.martinez282@gmail.com,Opposite,255
284,Jason Perry,jason.perry283@icloud.com,Middle Blocker,422
285,Patrick Garcia,patrick.garcia284@gmail.com,Opposite,745
286,Bryson Perkins,bryson.perkins285@gmail.com,Outside Hitter,389
287,Andrea Simmons,andrea.simmons286@gmail.com,Libero,355
288,Beverly Edwards,beverly.edwards287@icloud.com,Outside Hitter,316
289,Alexa Lopez,alexa.lopez288@gmail.com,Setter,172
290,Karen Clark,karen.clark289@gmail.com,Opposite,182
291,Zachary Manning,zachary.manning290@hotmail.com,Middle Blocker,708
292,Carol Brooks,carol.brooks291@gmail.com,Middle Blocker,358
293,Gerald Jacobs,gerald.jacobs292@gmail.com,Outside Hitter,911
294,Hazel Zimmerman,hazel.zimmerman293@gmail.com,Setter,119
295,Hannah Williamson,hannah.williamson294@icloud.com,Outside Hitter,591
296,Scott French,scott.french295@gmail.com,Opposite,447
297,Alice Long,alice.long296@yahoo.com,Libero,953
298,Chase Alexander,chase.alexander297@gmail.com,Outside Hitter,516
299,Claire Reed,claire.reed298@icloud.com,Outside Hitter,785
300,Katie Weaver,katie.weaver299@icloud.com,Opposite,840
301,Louise Harvey,louise.harvey300@icloud.com,Opposite,414
302,Shannon Peters,shannon.peters301@gmail.com,Opposite,796
303,Marie Jimenez,marie.jimenez302@gmail.com,Setter,93
304,Cooper Berry,cooper.berry303@icloud.com,Opposite,681
305,Henry Shaw,henry.shaw304@gmail.com,Middle Blocker,119
306,Dorothy Peterson,dorothy.peterson305@yahoo.com,Libero,623
307,Kingston Rodriguez,kingston.rodriguez306@icloud.com,Libero,918
308,Chloe Morales,chloe.morales307@gmail.com,Libero,296
309,Katherine Chen,katherine.chen308@gmail.com,Outside Hitter,846
310,Madeline Mendez,madeline.mendez309@yahoo.com,Middle Blocker,609
311,Leah McCoy,leah.mccoy310@icloud.com,Middle Blocker,312
312,William Tran,william.tran311@hotmail.com,Outside Hitter,171
313,Brooke Jordan,brooke.jordan312@icloud.com,Libero,631
314,Noah Johnston,noah.johnston313@gmail.com,Libero,121
315,Ashton Carroll,ashton.carroll314@gmail.com,Libero,678
316,Connor Meyer,connor.meyer315@gmail.com,Middle Blocker,828
317,Levi Hansen,levi.hansen316@comcast.net,Outside Hitter,990
318,Crystal Carlson,crystal.carlson317@gmail.com,Opposite,293
319,Regina Stephens,regina.stephens318@gmail.com,Opposite,517
320,Edward Kennedy,edward.kennedy319@gmail.com,Libero,594
321,Bruce Cole,bruce.cole320@gmail.com,Opposite,941
322,Ava Russell,ava.russell321@aol.com,Opposite,158
323,Eleanor Payne,eleanor.payne322@gmail.com,Outside Hitter,1000
324,Veronica Stevens,veronica.stevens323@gmail.com,Outside Hitter,814
325,Bradley Grant,bradley.grant324@icloud.com,Middle Blocker,732
326,Joan Moore,joan.moore325@gmail.com,Setter,551
327,Gabriella Simpson,gabriella.simpson326@gmail.com,Outside Hitter,20
328,Jasper Perkins,jasper.perkins327@gmail.com,Libero,401
329,Paige Allen,paige.allen328@gmail.com,Outside Hitter,732
330,Ryan Morgan,ryan.morgan329@gmail.com,Outside Hitter,334
331,Carson Williams,carson.williams330@icloud.com,Opposite,598
332,Melanie Fox,melanie.fox331@gmail.com,Outside Hitter,566
333,Lois Wagner,lois.wagner332@gmail.com,Setter,43
334,Aria Lewis,aria.lewis333@gmail.com,Outside Hitter,612
335,Lisa Oliver,lisa.oliver334@gmail.com,Middle Blocker,152
336,Sawyer Gray,sawyer.gray335@gmail.com,Libero,104
337,Eva Pena,eva.pena336@gmail.com,Setter,25
338,Silas Lee,silas.lee337@icloud.com,Outside Hitter,800
339,Annie Rogers,annie.rogers338@icloud.com,Libero,892
340,Larry Manning,larry.manning339@hotmail.com,Opposite,935
341,Easton Hawkins,easton.hawkins340@gmail.com,Setter,52
342,Xavier Porter,xavier.porter341@icloud.com,Libero,55
343,Keith Patel,keith.patel342@gmail.com,Setter,587
344,Meredith Scott,meredith.scott343@icloud.com,Outside Hitter,865
345,David Armstrong,david.armstrong344@gmail.com,Opposite,351
346,Brittany Brooks,brittany.brooks345@icloud.com,Middle Blocker,480
347,Rita Estrada,rita.estrada346@gmail.com,Opposite,632
348,Everly Mendoza,everly.mendoza347@yahoo.com,Setter,541
349,Lynn Valdez,lynn.valdez348@yahoo.com,Setter,680
350,Madelyn Baker,madelyn.baker349@gmail.com,Outside Hitter,261
351,Victor Turner,victor.turner350@icloud.com,Outside Hitter,500
352,Ann Lynch,ann.lynch351@aol.com,Outside Hitter,823
353,Rebecca Ramirez,rebecca.ramirez352@gmail.com,Middle Blocker,680
354,Jerry Schmidt,jerry.schmidt353@gmail.com,Setter,347
355,Whitney Washington,whitney.washington354@gmail.com,Opposite,139
356,Deborah Mitchell,deborah.mitchell355@outlook.com,Opposite,501
357,Alice Nelson,alice.nelson356@gmail.com,Libero,351
358,Allison Austin,allison.austin357@gmail.com,Middle Blocker,555
359,Natalia Dixon,natalia.dixon358@gmail.com,Middle Blocker,639
360,Reagan Myers,reagan.myers359@gmail.com,Outside Hitter,534
361,Skylar Bailey,skylar.bailey360@hotmail.com,Libero,62
362,Brian Sims,brian.sims361@icloud.com,Libero,172
363,Walter Burns,walter.burns362@gmail.com,Libero,682
364,Gianna Palmer,gianna.palmer363@gmail.com,Middle Blocker,356
365,Ryder Green,ryder.green364@gmail.com,Setter,111
366,Nolan Anderson,nolan.anderson365@icloud.com,Setter,330
367,Michelle Andrews,michelle.andrews366@gmail.com,Middle Blocker,784
368,Kennedy Freeman,kennedy.freeman367@gmail.com,Outside Hitter,982
369,Sheryl Cook,sheryl.cook368@gmail.com,Opposite,652
370,Sean Reyes,sean.reyes369@gmail.com,Middle Blocker,46
371,Emilia Warren,emilia.warren370@yahoo.com,Setter,456
372,Josephine Guerrero,josephine.guerrero371@outlook.com,Outside Hitter,271
373,Louis Pierce,louis.pierce372@hotmail.com,Libero,186
374,Bennett Chavez,bennett.chavez373@gmail.com,Middle Blocker,891
375,Valentina Thompson,valentina.thompson374@gmail.com,Outside Hitter,478
376,Kylie Castillo,kylie.castillo375@gmail.com,Setter,332
377,Ellen Carpenter,ellen.carpenter376@gmail.com,Libero,30
378,Quinn Jensen,quinn.jensen377@hotmail.com,Opposite,117
379,Andrew Li,andrew.li378@gmail.com,Outside Hitter,876
380,Cindy Chapman,cindy.chapman379@gmail.com,Libero,435
381,Patricia Watkins,patricia.watkins380@icloud.com,Opposite,348
382,Anthony Goodwin,anthony.goodwin381@icloud.com,Libero,882
383,Vanessa Delgado,vanessa.delgado382@icloud.com,Libero,604
384,Michael Ruiz,michael.ruiz383@icloud.com,Opposite,960
385,Audrey Contreras,audrey.contreras384@gmail.com,Libero,617
386,Thelma Le,thelma.le385@gmail.com,Opposite,956
387,Aurora Lane,aurora.lane386@gmail.com,Opposite,562
388,Summer Larson,summer.larson387@icloud.com,Middle Blocker,67
389,Jordan Gibson,jordan.gibson388@icloud.com,Outside Hitter,497
390,Faith Montgomery,faith.montgomery389@icloud.com,Outside Hitter,410
391,Gladys Wells,gladys.wells390@outlook.com,Libero,206
392,Terry Richards,terry.richards391@yahoo.com,Libero,711
393,Jude Diaz,jude.diaz392@icloud.com,Libero,816
394,Mildred Griffin,mildred.griffin393@gmail.com,Libero,617
395,Jeffrey Sanchez,jeffrey.sanchez394@twc.com,Setter,987
396,Roger Johnson,roger.johnson395@icloud.com,Outside Hitter,142
397,Ruby Richardson,ruby.richardson396@gmail.com,Outside Hitter,785
398,Jasmine Hughes,jasmine.hughes397@gmail.com,Outside Hitter,286
399,Savannah Aguilar,savannah.aguilar398@icloud.com,Opposite,664
400,Maddox Singh,maddox.singh399@gmail.com,Outside Hitter,392
401,Brittney Sandoval,brittney.sandoval400@gmail.com,Outside Hitter,671
402,Debra Henry,debra.henry401@gmail.com,Libero,896
403,Shirley Bryant,shirley.bryant402@icloud.com,Libero,70
404,Bonnie Miller,bonnie.miller403@outlook.com,Opposite,793
405,Douglas Vega,douglas.vega404@yahoo.com,Libero,343
406,Amber Gordon,amber.gordon405@gmail.com,Middle Blocker,374
407,Alexandra Willis,alexandra.willis406@gmail.com,Setter,526
408,Nathan Sanders,nathan.sanders407@icloud.com,Middle Blocker,461
409,Ruth Chambers,ruth.chambers408@aol.com,Middle Blocker,732
410,Wayne Perez,wayne.perez409@icloud.com,Libero,647
411,Betty Wilson,betty.wilson410@gmail.com,Opposite,547
412,Lawrence Ortega,lawrence.ortega411@gmail.com,Opposite,353
413,Sandra Robinson,sandra.robinson412@icloud.com,Middle Blocker,448
414,Ethan Cox,ethan.cox413@gmail.com,Outside Hitter,731
415,Valerie Mills,valerie.mills414@hotmail.com,Middle Blocker,673
416,Maxwell Jenkins,maxwell.jenkins415@icloud.com,Libero,361
417,Spencer Santiago,spencer.santiago416@icloud.com,Middle Blocker,379
418,Gail Carr,gail.carr417@gmail.com,Opposite,954
419,Joe Howard,joe.howard418@yahoo.com,Outside Hitter,395
420,Christina Lawson,christina.lawson419@hotmail.com,Libero,460
421,Rhonda Bell,rhonda.bell420@gmail.com,Outside Hitter,713
422,Erica Powell,erica.powell421@hotmail.com,Setter,477
423,Ivy King,ivy.king422@gmail.com,Opposite,522
424,Jesse Rios,jesse.rios423@icloud.com,Outside Hitter,169
425,Max Ferguson,max.ferguson424@icloud.com,Middle Blocker,955
426,Jackson Romero,jackson.romero425@icloud.com,Setter,331
427,Billy Figueroa,billy.figueroa426@yahoo.com,Middle Blocker,358
428,Isabella Parker,isabella.parker427@gmail.com,Setter,312
429,Liam Hayes,liam.hayes428@gmail.com,Setter,725
430,Tucker Hale,tucker.hale429@comcast.net,Outside Hitter,935
431,Florence Crawford,florence.crawford430@gmail.com,Opposite,991
432,Joanne Burke,joanne.burke431@icloud.com,Opposite,407
433,Serenity Wright,serenity.wright432@gmail.com,Outside Hitter,357
434,Laurie Mason,laurie.mason433@icloud.com,Opposite,168
435,Diane Stewart,diane.stewart434@me.com,Opposite,407
436,Josephine Brown,josephine.brown435@gmail.com,Setter,608
437,Avery Dean,avery.dean436@gmail.com,Outside Hitter,131
438,Rose Wong,rose.wong437@gmail.com,Setter,442
439,Brandon Dunn,brandon.dunn438@hotmail.com,Opposite,509
440,Emery Edwards,emery.edwards439@gmail.com,Middle Blocker,412
441,Sydney Newman,sydney.newman440@gmail.com,Middle Blocker,468
442,Bella Rice,bella.rice441@gmail.com,Opposite,517
443,Jeremy Silva,jeremy.silva442@gmail.com,Outside Hitter,93
444,Zoe Cunningham,zoe.cunningham443@outlook.com,Middle Blocker,417
445,Matthew Hudson,matthew.hudson444@outlook.com,Opposite,739
446,Adalynn Arnold,adalynn.arnold445@gmail.com,Opposite,843
447,Maya Campbell,maya.campbell446@yahoo.com,Middle Blocker,272
448,Catherine Rivera,catherine.rivera447@hotmail.com,Libero,861
449,Brenda Elliott,brenda.elliott448@gmail.com,Libero,973
450,Abigail Parsons,abigail.parsons449@gmail.com,Opposite,329
451,Albert Garcia,albert.garcia450@gmail.com,Middle Blocker,937
452,Gavin Price,gavin.price451@gmail.com,Middle Blocker,676
453,Alyssa Daniels,alyssa.daniels452@gmail.com,Setter,717
454,Jessica Young,jessica.young453@gmail.com,Libero,453
455,Geraldine Guzman,geraldine.guzman454@gmail.com,Setter,468
456,Grayson Gonzalez,grayson.gonzalez455@gmail.com,Libero,234
457,Robert Adams,robert.adams456@gmail.com,Setter,365
458,Charles Jackson,charles.jackson457@gmail.com,Setter,781
459,Molly Nichols,molly.nichols458@icloud.com,Libero,268
460,Willow Holmes,willow.holmes459@gmail.com,Opposite,469
461,Greyson Moreno,greyson.moreno460@gmail.com,Setter,651
462,Evan George,evan.george461@gmail.com,Setter,125
463,Carl Kelley,carl.kelley462@yahoo.com,Opposite,150
464,Steven Greene,steven.greene463@icloud.com,Libero,396
465,Jill Tucker,jill.tucker464@gmail.com,Middle Blocker,516
466,Marilyn Harris,marilyn.harris465@hotmail.com,Middle Blocker,521
467,Penelope Gilbert,penelope.gilbert466@yahoo.com,Setter,343
468,Lucille Simmons,lucille.simmons467@gmail.com,Libero,92
469,Courtney Ellis,courtney.ellis468@gmail.com,Libero,63
470,Logan Soto,logan.soto469@gmail.com,Opposite,847
471,Amanda Black,amanda.black470@gmail.com,Outside Hitter,336
472,Kristen Thomas,kristen.thomas471@icloud.com,Outside Hitter,732
473,Aiden Castro,aiden.castro472@gmail.com,Middle Blocker,819
474,Gregory Flores,gregory.flores473@gmail.com,Libero,571
475,April Rose,april.rose474@gmail.com,Setter,620
476,Bobby Morrison,bobby.morrison475@icloud.com,Opposite,664
477,Isabelle Gonzales,isabelle.gonzales476@gmail.com,Middle Blocker,476
478,Jean Henderson,jean.henderson477@icloud.com,Outside Hitter,338
479,Pamela Riley,pamela.riley478@gmail.com,Opposite,694
480,Beckett Lawrence,beckett.lawrence479@icloud.com,Setter,947
481,Erin Sutton,erin.sutton480@gmail.com,Middle Blocker,68
482,Brayden Clark,brayden.clark481@gmail.com,Middle Blocker,904
483,Makayla Nunez,makayla.nunez482@gmail.com,Libero,919
484,Edna Olson,edna.olson483@gmail.com,Middle Blocker,3
485,Savannah Jacobs,savannah.jacobs484@gmail.com,Outside Hitter,45
486,Cole Torres,cole.torres485@icloud.com,Middle Blocker,801
487,Eugene Hanson,eugene.hanson486@gmail.com,Middle Blocker,598
488,Michelle Kelly,michelle.kelly487@gmail.com,Outside Hitter,637
489,Theodore Hall,theodore.hall488@icloud.com,Libero,6
490,Janet Harrison,janet.harrison489@gmail.com,Setter,3
491,Greyson Owens,greyson.owens490@gmail.com,Outside Hitter,436
492,Victoria Franklin,victoria.franklin491@icloud.com,Libero,905
493,Sara Hernandes,sara.hernandes492@gmail.com,Libero,734
494,Tina Dominguez,tina.dominguez493@icloud.com,Middle Blocker,187
495,Elaine Hunter,elaine.hunter494@gmail.com,Setter,331
496,Oscar Bennett,oscar.bennett495@icloud.com,Middle Blocker,840
497,Ariana O'Brien,ariana.obrien496@icloud.com,Outside Hitter,754
498,Sandra West,sandra.west497@gmail.com,Middle Blocker,926
499,Sawyer Reid,sawyer.reid498@gmail.com,Outside Hitter,267
500,Landon Vasquez,landon.vasquez499@hotmail.com,Outside Hitter,478
501,Oliver Woods,oliver.woods500@gmail.com,Setter,342
502,Leslie Smith,leslie.smith501@icloud.com,Libero,981
503,Aiden Murray,aiden.murray502@icloud.com,Opposite,604
504,Eliana Reynolds,eliana.reynolds503@gmail.com,Middle Blocker,718
505,Judy Vazquez,judy.vazquez504@gmail.com,Setter,34
506,Leilani Hicks,leilani.hicks505@icloud.com,Outside Hitter,267
507,Josephine Cooper,josephine.cooper506@gmail.com,Middle Blocker,573
508,Luna Robertson,luna.robertson507@icloud.com,Outside Hitter,670
509,Sheryl Knight,sheryl.knight508@gmail.com,Outside Hitter,949
510,Kathleen Howell,kathleen.howell509@icloud.com,Middle Blocker,210
511,Joanne Nguyen,joanne.nguyen510@gmail.com,Middle Blocker,375
512,Lily Ray,lily.ray511@icloud.com,Middle Blocker,962
513,Bethany Spencer,bethany.spencer512@gmail.com,Setter,595
514,Alan Herrera,alan.herrera513@gmail.com,Opposite,179
515,Eli Jones,eli.jones514@icloud.com,Libero,185
516,Hazel Sullivan,hazel.sullivan515@gmail.com,Libero,915
517,Brittany Perry,brittany.perry516@me.com,Opposite,307
518,Russell Carter,russell.carter517@gmail.com,Setter,301
519,Madeline Morris,madeline.morris518@gmail.com,Opposite,915
520,Alexa Wheeler,alexa.wheeler519@icloud.com,Opposite,433
521,Arthur Roberts,arthur.roberts520@live.com,Outside Hitter,694
522,Sydney Maldonado,sydney.maldonado521@live.com,Opposite,401
523,Douglas Wallace,douglas.wallace522@hotmail.com,Setter,369
524,Jeremy Kim,jeremy.kim523@icloud.com,Middle Blocker,229
525,Lynn Ramos,lynn.ramos524@gmail.com,Setter,910
526,Natalie Garza,natalie.garza525@gmail.com,Outside Hitter,330
527,Barbara James,barbara.james526@gmail.com,Middle Blocker,178
528,Layla Ryan,layla.ryan527@icloud.com,Libero,978
529,Jocelyn Taylor,jocelyn.taylor528@gmail.com,Opposite,74
530,Leah Hunt,leah.hunt529@gmail.com,Libero,150
531,Virginia Hoffman,virginia.hoffman530@icloud.com,Outside Hitter,733
532,Harper Snyder,harper.snyder531@gmail.com,Libero,947
533,Alyssa Murphy,alyssa.murphy532@icloud.com,Outside Hitter,519
534,Mary Butler,mary.butler533@live.com,Setter,327
535,Silas Foster,silas.foster534@gmail.com,Opposite,759
536,Emma McDonald,emma.mcdonald535@icloud.com,Libero,936
537,Rhonda Santos,rhonda.santos536@icloud.com,Libero,732
538,Parker Ford,parker.ford537@hotmail.com,Setter,633
539,Nicole Ortiz,nicole.ortiz538@gmail.com,Setter,625
540,Makayla Coleman,makayla.coleman539@att.net,Opposite,998
541,Madelyn Walker,madelyn.walker540@gmail.com,Outside Hitter,306
542,Evelyn Hart,evelyn.hart541@icloud.com,Outside Hitter,349
543,Jeffrey Cruz,jeffrey.cruz542@yahoo.com,Outside Hitter,799
544,Isabella Duncan,isabella.duncan543@yahoo.com,Libero,30
545,Brandy Gomez,brandy.gomez544@gmail.com,Libero,881
546,Rachel Webb,rachel.webb545@cox.net,Middle Blocker,996
547,Jaxon Vargas,jaxon.vargas546@yahoo.com,Opposite,385
548,Emmett Bishop,emmett.bishop547@gmail.com,Setter,670
549,Timothy Ward,timothy.ward548@hotmail.com,Outside Hitter,208
550,Harrison Watson,harrison.watson549@icloud.com,Middle Blocker,925
551,Lucy Fisher,lucy.fisher550@gmail.com,Setter,230
552,Marilyn Martinez,marilyn.martinez551@gmail.com,Setter,302
553,Cassie Stone,cassie.stone552@gmail.com,Setter,732
554,River Davis,river.davis553@icloud.com,Outside Hitter,346
555,Kenneth Collins,kenneth.collins554@gmail.com,Middle Blocker,658
556,Kelly Barnes,kelly.barnes555@hotmail.com,Libero,169
557,Dennis Graham,dennis.graham556@icloud.com,Opposite,307
558,Naomi Harper,naomi.harper557@icloud.com,Middle Blocker,991
559,Doreen Espinoza,doreen.espinoza558@gmail.com,Opposite,820
560,Bella Hill,bella.hill559@gmail.com,Opposite,511
561,Skylar Matthews,skylar.matthews560@gmail.com,Libero,985
562,Carolyn Gutierrez,carolyn.gutierrez561@icloud.com,Opposite,392
563,Alexis Walsh,alexis.walsh562@gmail.com,Opposite,645
564,John Munoz,john.munoz563@gmail.com,Opposite,556
565,Blake Evans,blake.evans564@icloud.com,Setter,326
566,Pamela Patterson,pamela.patterson565@gmail.com,Middle Blocker,450
567,Mateo Phillips,mateo.phillips566@gmail.com,Outside Hitter,484
568,Calvin Fernandez,calvin.fernandez567@hotmail.com,Opposite,365
569,Ryker Boyd,ryker.boyd568@icloud.com,Libero,999
570,Erica Ross,erica.ross569@icloud.com,Opposite,213
571,Erin White,erin.white570@charter.net,Libero,177
572,Kyle Alvarez,kyle.alvarez571@icloud.com,Setter,821
573,Kimberly Lopez,kimberly.lopez572@gmail.com,Libero,175
574,Emilia Hamilton,emilia.hamilton573@icloud.com,Opposite,684
575,Trinity Alvarado,trinity.alvarado574@hotmail.com,Outside Hitter,518
576,Jennifer Gardner,jennifer.gardner575@gmail.com,Middle Blocker,7
577,Dylan Bradley,dylan.bradley576@icloud.com,Middle Blocker,272
578,Veronica Romero,veronica.romero577@gmail.com,Opposite,29
579,Ian Hernandez,ian.hernandez578@gmail.com,Setter,214
580,Kristin Medina,kristin.medina579@gmail.com,Outside Hitter,258
581,Marie Marshall,marie.marshall580@hotmail.com,Libero,639
582,Joyce Martin,joyce.martin581@yahoo.com,Middle Blocker,862
583,Julia Wood,julia.wood582@gmail.com,Libero,74
584,Gerald Salazar,gerald.salazar583@gmail.com,Setter,140
585,Easton Gomez,easton.gomez584@gmail.com,Opposite,448
586,Ralph Perkins,ralph.perkins585@gmail.com,Libero,37
587,Kathryn Barnes,kathryn.barnes586@icloud.com,Setter,353
588,Jasper Sutton,jasper.sutton587@yahoo.com,Middle Blocker,585
589,Gabriel Lawrence,gabriel.lawrence588@icloud.com,Opposite,960
590,Theresa Silva,theresa.silva589@hotmail.com,Setter,616
591,Ann Russell,ann.russell590@gmail.com,Middle Blocker,115
592,Christopher Meyer,christopher.meyer591@gmail.com,Middle Blocker,892
593,Robert Jacobs,robert.jacobs592@icloud.com,Opposite,98
594,Gladys Alvarez,gladys.alvarez593@icloud.com,Middle Blocker,330
595,Hannah Fernandez,hannah.fernandez594@gmail.com,Setter,684
596,Geraldine Bryant,geraldine.bryant595@icloud.com,Opposite,710
597,Ronald Ruiz,ronald.ruiz596@outlook.com,Outside Hitter,59
598,Bobby Herrera,bobby.herrera597@gmail.com,Libero,607
599,Tammy Powell,tammy.powell598@icloud.com,Opposite,748
600,Jacqueline Jimenez,jacqueline.jimenez599@icloud.com,Outside Hitter,229
601,Morgan Hernandez,morgan.hernandez600@gmail.com,Libero,525
602,Phyllis Williams,phyllis.williams601@gmail.com,Middle Blocker,460
603,Amy Parker,amy.parker602@gmail.com,Libero,9
604,Bonnie Cook,bonnie.cook603@gmail.com,Setter,949
605,Donald Romero,donald.romero604@gmail.com,Opposite,993
606,Jose Lawson,jose.lawson605@icloud.com,Outside Hitter,761
607,Joan Carter,joan.carter606@gmail.com,Libero,394
608,Annie Rodriguez,annie.rodriguez607@gmail.com,Middle Blocker,752
609,Sofia Hudson,sofia.hudson608@gmail.com,Middle Blocker,555
610,Kaden Johnson,kaden.johnson609@gmail.com,Opposite,476
611,Victor Patel,victor.patel610@icloud.com,Opposite,697
612,Ava Snyder,ava.snyder611@att.net,Setter,909
613,Carson Clark,carson.clark612@gmail.com,Libero,90
614,Bennett Robertson,bennett.robertson613@icloud.com,Middle Blocker,668
615,Whitney Williamson,whitney.williamson614@gmail.com,Setter,915
616,Jesse Cruz,jesse.cruz615@gmail.com,Outside Hitter,585
617,Emery Santiago,emery.santiago616@gmail.com,Middle Blocker,19
618,Piper French,piper.french617@gmail.com,Opposite,146
619,Jason Brooks,jason.brooks618@gmail.com,Opposite,346
620,Catherine Chapman,catherine.chapman619@yahoo.com,Libero,892
621,Everett Fox,everett.fox620@icloud.com,Opposite,386
622,Paisley Carlson,paisley.carlson621@gmail.com,Libero,138
623,Peter Hawkins,peter.hawkins622@icloud.com,Libero,718
624,Peggy Perry,peggy.perry623@gmail.com,Setter,628
625,Cindy Murphy,cindy.murphy624@icloud.com,Middle Blocker,51
626,Willie Elliott,willie.elliott625@icloud.com,Libero,270
627,Allison Cox,allison.cox626@yahoo.com,Opposite,507
628,Tucker Porter,tucker.porter627@gmail.com,Setter,542
629,Carter Alexander,carter.alexander628@gmail.com,Opposite,811
630,Gabriella Harper,gabriella.harper629@yahoo.com,Middle Blocker,736
631,Jill Payne,jill.payne630@yahoo.com,Setter,96
632,Bailey Allen,bailey.allen631@yahoo.com,Libero,905
633,Katelyn Robinson,katelyn.robinson632@icloud.com,Libero,609
634,Wesley Cole,wesley.cole633@gmail.com,Libero,454
635,Emma Rios,emma.rios634@icloud.com,Middle Blocker,920
636,Juanita Carr,juanita.carr635@outlook.com,Opposite,239
637,Rebecca Mitchell,rebecca.mitchell636@outlook.com,Outside Hitter,585
638,Johnny Kelly,johnny.kelly637@outlook.com,Outside Hitter,528
639,Tristan Tucker,tristan.tucker638@gmail.com,Middle Blocker,796
640,Ellen Watson,ellen.watson639@yahoo.com,Setter,210
641,Eva Valdez,eva.valdez640@icloud.com,Opposite,350
642,Samuel Matthews,samuel.matthews641@gmail.com,Libero,185
643,Aurora Rogers,aurora.rogers642@gmail.com,Libero,462
644,Maverick Weaver,maverick.weaver643@aol.com,Outside Hitter,933
645,Jerry Miller,jerry.miller644@yahoo.com,Libero,194
646,Beverly Mason,beverly.mason645@gmail.com,Opposite,180
647,Dominic Nichols,dominic.nichols646@icloud.com,Libero,294
648,Jamie Baker,jamie.baker647@gmail.com,Outside Hitter,242
649,Sharon Knight,sharon.knight648@hotmail.com,Setter,117
650,Olivia Watkins,olivia.watkins649@gmail.com,Outside Hitter,655
651,Emily Sanchez,emily.sanchez650@gmail.com,Middle Blocker,58
652,Ashton Crawford,ashton.crawford651@icloud.com,Opposite,371
653,Riley Turner,riley.turner652@gmail.com,Libero,874
654,Tyler Singh,tyler.singh653@hotmail.com,Middle Blocker,115
655,Felix Spencer,felix.spencer654@aol.com,Setter,374
656,Diane Patterson,diane.patterson655@gmail.com,Opposite,647
657,Adalynn Fisher,adalynn.fisher656@gmail.com,Outside Hitter,281
658,Jenna Wells,jenna.wells657@gmail.com,Opposite,832
659,Tara Mendoza,tara.mendoza658@yahoo.com,Libero,103
660,Gary Alvarado,gary.alvarado659@icloud.com,Middle Blocker,134
661,Martha Morris,martha.morris660@icloud.com,Setter,68
662,Dana Burke,dana.burke661@gmail.com,Libero,320
663,Marcus Schmidt,marcus.schmidt662@icloud.com,Opposite,900
664,Michael Ramos,michael.ramos663@gmail.com,Middle Blocker,207
665,Austin Espinoza,austin.espinoza664@gmail.com,Libero,640
666,Aaron Washington,aaron.washington665@gmail.com,Outside Hitter,404
667,Carrie Pierce,carrie.pierce666@icloud.com,Libero,335
668,Declan Reynolds,declan.reynolds667@gmail.com,Opposite,854
669,Elizabeth Vazquez,elizabeth.vazquez668@icloud.com,Middle Blocker,122
670,Caleb Figueroa,caleb.figueroa669@gmail.com,Libero,903
671,Julie Rose,julie.rose670@gmail.com,Middle Blocker,789
672,Sean Hunter,sean.hunter671@gmail.com,Libero,460
673,Ruby Brown,ruby.brown672@icloud.com,Outside Hitter,171
674,Patricia Guzman,patricia.guzman673@gmail.com,Middle Blocker,894
675,Benjamin Chen,benjamin.chen674@gmail.com,Middle Blocker,510
676,Mark Webb,mark.webb675@icloud.com,Middle Blocker,103
677,Kelsey Morales,kelsey.morales676@icloud.com,Setter,810
678,Matthew Gray,matthew.gray677@gmail.com,Libero,853
679,Bruce Woods,bruce.woods678@gmail.com,Setter,818
680,Jace Jacobs,jace.jacobs679@gmail.com,Middle Blocker,439
681,Brody Flores,brody.flores680@icloud.com,Outside Hitter,552
682,Pauline Wagner,pauline.wagner681@gmail.com,Opposite,286
683,Rita Sims,rita.sims682@gmail.com,Middle Blocker,4
684,Valentina Soto,valentina.soto683@icloud.com,Middle Blocker,478
685,Lucas Thompson,lucas.thompson684@gmail.com,Outside Hitter,616
686,Margaret Hall,margaret.hall685@gmail.com,Middle Blocker,191
687,Jude Foster,jude.foster686@gmail.com,Opposite,32
688,Alexander Greene,alexander.greene687@outlook.com,Setter,358
689,Christine Medina,christine.medina688@hotmail.com,Middle Blocker,813
690,William Green,william.green689@icloud.com,Middle Blocker,440
691,Peyton Johnston,peyton.johnston690@gmail.com,Libero,30
692,Gertrude Hill,gertrude.hill691@gmail.com,Middle Blocker,127
693,Logan Zimmerman,logan.zimmerman692@gmail.com,Outside Hitter,685
694,Josephine Salazar,josephine.salazar693@charter.net,Opposite,697
695,Adam Gordon,adam.gordon694@icloud.com,Opposite,713
696,Brittney Warren,brittney.warren695@gmail.com,Outside Hitter,978
697,Grace Jordan,grace.jordan696@gmail.com,Middle Blocker,299
698,Stacy Howard,stacy.howard697@yahoo.com,Libero,180
699,Donna Smith,donna.smith698@icloud.com,Setter,539
700,Thomas Ferguson,thomas.ferguson699@icloud.com,Opposite,132
701,Milo Dominguez,milo.dominguez700@icloud.com,Opposite,83
702,Colton Simmons,colton.simmons701@gmail.com,Libero,136
703,Natalia Perez,natalia.perez702@gmail.com,Libero,251
704,Katherine Armstrong,katherine.armstrong703@icloud.com,Middle Blocker,986
705,Ezra Owens,ezra.owens704@me.com,Middle Blocker,822
706,Kaitlyn Henry,kaitlyn.henry705@gmail.com,Outside Hitter,868
707,Lucille Castro,lucille.castro706@me.com,Middle Blocker,310
708,Andrew Le,andrew.le707@icloud.com,Middle Blocker,888
709,Nathan Chavez,nathan.chavez708@gmail.com,Opposite,725
710,Karen Butler,karen.butler709@gmail.com,Middle Blocker,65
711,Hailey Torres,hailey.torres710@gmail.com,Libero,317
712,George Simpson,george.simpson711@outlook.com,Opposite,553
713,Jordan Estrada,jordan.estrada712@icloud.com,Opposite,998
714,Nora Li,nora.li713@icloud.com,Setter,498
715,Brian James,brian.james714@icloud.com,Outside Hitter,589
716,Tiffany Mills,tiffany.mills715@icloud.com,Libero,873
717,Jessica Daniels,jessica.daniels716@icloud.com,Opposite,443
718,Cameron Harvey,cameron.harvey717@yahoo.com,Middle Blocker,891
719,Denise Reid,denise.reid718@gmail.com,Middle Blocker,68
720,Melanie Edwards,melanie.edwards719@icloud.com,Outside Hitter,148
721,James Adams,james.adams720@icloud.com,Outside Hitter,481
722,Ruth Lynch,ruth.lynch721@yahoo.com,Middle Blocker,70
723,Zoe Berry,zoe.berry722@icloud.com,Outside Hitter,424
724,Micah Ward,micah.ward723@yahoo.com,Libero,676
725,Betty Contreras,betty.contreras724@gmail.com,Middle Blocker,994
726,Brandon Stewart,brandon.stewart725@gmail.com,Outside Hitter,318
727,Cooper Hansen,cooper.hansen726@gmail.com,Outside Hitter,305
728,Dawn Munoz,dawn.munoz727@gmail.com,Middle Blocker,107
729,Wayne Willis,wayne.willis728@gmail.com,Outside Hitter,2
730,Deborah Wilson,deborah.wilson729@icloud.com,Opposite,762
731,Melissa Wood,melissa.wood730@gmail.com,Setter,867
732,Keith Montgomery,keith.montgomery731@gmail.com,Middle Blocker,230
733,Lillian Anderson,lillian.anderson732@icloud.com,Libero,345
734,Jean Young,jean.young733@gmail.com,Libero,328
735,Nolan Lewis,nolan.lewis734@gmail.com,Outside Hitter,829
736,Gianna Ortega,gianna.ortega735@icloud.com,Libero,14
737,Chelsea Vasquez,chelsea.vasquez736@gmail.com,Outside Hitter,280
738,Brenda Campbell,brenda.campbell737@icloud.com,Setter,514
739,Paul Ryan,paul.ryan738@gmail.com,Setter,166
740,Wyatt Ramirez,wyatt.ramirez739@icloud.com,Outside Hitter,486
741,Stephen Ray,stephen.ray740@gmail.com,Setter,552
742,Grayson Maldonado,grayson.maldonado741@icloud.com,Middle Blocker,437
743,Theo Carroll,theo.carroll742@gmail.com,Outside Hitter,323
744,Mariah Stephens,mariah.stephens743@outlook.com,Opposite,502
745,Connor Ross,connor.ross744@gmail.com,Opposite,527
746,Kingston Murray,kingston.murray745@gmail.com,Outside Hitter,593
747,Ethan Diaz,ethan.diaz746@icloud.com,Setter,5
748,Joshua Ford,joshua.ford747@gmail.com,Libero,183
749,Penelope Aguilar,penelope.aguilar748@gmail.com,Opposite,328
750,Irene Hamilton,irene.hamilton749@gmail.com,Outside Hitter,35
751,Ryder Morgan,ryder.morgan750@gmail.com,Outside Hitter,107
752,Jackson Phillips,jackson.phillips751@gmail.com,Libero,996
753,Isaac Morrison,isaac.morrison752@gmail.com,Libero,369
754,Esther Santos,esther.santos753@gmail.com,Libero,625
755,Norma Graham,norma.graham754@gmail.com,Setter,428
756,Juan Palmer,juan.palmer755@outlook.com,Middle Blocker,147
757,Monica Nguyen,monica.nguyen756@gmail.com,Middle Blocker,802
758,Elena Stevens,elena.stevens757@gmail.com,Middle Blocker,511
759,Florence Jackson,florence.jackson758@gmail.com,Libero,449
760,Dorothy Bishop,dorothy.bishop759@icloud.com,Setter,210
761,Bernice Coleman,bernice.coleman760@yahoo.com,Middle Blocker,39
762,Eric Dean,eric.dean761@icloud.com,Middle Blocker,98
763,Oliver Cunningham,oliver.cunningham762@icloud.com,Outside Hitter,456
764,Lincoln Thomas,lincoln.thomas763@yahoo.com,Opposite,473
765,Raymond Bailey,raymond.bailey764@gmail.com,Libero,709
766,Arianna Vega,arianna.vega765@gmail.com,Opposite,537
767,Louis Riley,louis.riley766@icloud.com,Middle Blocker,923
768,Reagan Sanders,reagan.sanders767@outlook.com,Outside Hitter,25
769,Levi Taylor,levi.taylor768@icloud.com,Outside Hitter,826
770,Kevin Bradley,kevin.bradley769@icloud.com,Libero,718
771,Hunter Ellis,hunter.ellis770@gmail.com,Outside Hitter,363
772,Brayden Peters,brayden.peters771@gmail.com,Outside Hitter,10
773,Miles Wheeler,miles.wheeler772@gmail.com,Setter,920
774,Jade King,jade.king773@gmail.com,Outside Hitter,192
775,Rowan Oliver,rowan.oliver774@icloud.com,Setter,625
776,Hudson Reyes,hudson.reyes775@gmail.com,Opposite,885
777,Damian Peterson,damian.peterson776@gmail.com,Setter,717
778,Ellie Walsh,ellie.walsh777@gmail.com,Libero,14
779,Patrick Wallace,patrick.wallace778@icloud.com,Outside Hitter,569
780,Kennedy Larson,kennedy.larson779@icloud.com,Setter,804
781,Megan Romero,megan.romero780@outlook.com,Outside Hitter,353
782,Jonathan Gibson,jonathan.gibson781@icloud.com,Outside Hitter,8
783,Lois Sullivan,lois.sullivan782@hotmail.com,Opposite,212
784,Kayla Rice,kayla.rice783@gmail.com,Outside Hitter,559
785,Alicia Richards,alicia.richards784@gmail.com,Middle Blocker,868
786,Liam Griffin,liam.griffin785@gmail.com,Setter,665
787,Kaiden Pena,kaiden.pena786@gmail.com,Libero,957
788,Stella Gilbert,stella.gilbert787@icloud.com,Setter,654
789,Amber Rivera,amber.rivera788@gmail.com,Setter,877
790,Samantha Gardner,samantha.gardner789@yahoo.com,Setter,814
791,Quinn Castillo,quinn.castillo790@hotmail.com,Outside Hitter,294
792,Philip Lee,philip.lee791@gmail.com,Outside Hitter,174
793,Sarah Kim,sarah.kim792@icloud.com,Libero,313
794,Serenity Wong,serenity.wong793@cox.net,Middle Blocker,971
795,Roger Collins,roger.collins794@me.com,Outside Hitter,887
796,Taylor Holmes,taylor.holmes795@icloud.com,Outside Hitter,208
797,Laura Shaw,laura.shaw796@icloud.com,Setter,746
798,Maria Burns,maria.burns797@yahoo.com,Opposite,27
799,Lawrence Delgado,lawrence.delgado798@icloud.com,Opposite,452
800,Luke Harrison,luke.harrison799@icloud.com,Middle Blocker,252
801,Addison Harris,addison.harris800@gmail.com,Middle Blocker,338
802,Connie George,connie.george801@gmail.com,Opposite,371
803,Chase Hicks,chase.hicks802@gmail.com,Setter,503
804,Bentley Mendez,bentley.mendez803@gmail.com,Middle Blocker,335
805,Isabelle Henderson,isabelle.henderson804@outlook.com,Opposite,321
806,Sebastian Richardson,sebastian.richardson805@gmail.com,Opposite,290
807,Alice Boyd,alice.boyd806@gmail.com,Middle Blocker,867
808,Elijah Parsons,elijah.parsons807@gmail.com,Middle Blocker,733
809,Cynthia Reed,cynthia.reed808@gmail.com,Outside Hitter,733
810,Cheryl Tran,cheryl.tran809@gmail.com,Middle Blocker,453
811,Albert Newman,albert.newman810@hotmail.com,Libero,656
812,Justin Olson,justin.olson811@gmail.com,Middle Blocker,200
813,Nicholas Duncan,nicholas.duncan812@gmail.com,Setter,870
814,David Carpenter,david.carpenter813@gmail.com,Libero,787
815,Carl Franklin,carl.franklin814@gmail.com,Outside Hitter,631
816,Lillian Chambers,lillian.chambers815@gmail.com,Opposite,8
817,Bryan Manning,bryan.manning816@icloud.com,Opposite,254
818,April Nelson,april.nelson817@yahoo.com,Libero,53
819,Violet Kennedy,violet.kennedy818@aol.com,Outside Hitter,822
820,Aria Dixon,aria.dixon819@yahoo.com,Middle Blocker,7
821,Maxwell McDonald,maxwell.mcdonald820@icloud.com,Libero,53
822,Ruby Cooper,ruby.cooper821@hotmail.com,Libero,494
823,Audrey Howell,audrey.howell822@gmail.com,Opposite,335
824,Lauren Wright,lauren.wright823@gmail.com,Libero,72
825,Sophia Price,sophia.price824@icloud.com,Outside Hitter,289
826,Kylie Roberts,kylie.roberts825@gmail.com,Libero,466
827,Leo Garza,leo.garza826@gmail.com,Outside Hitter,230
828,Charles Jones,charles.jones827@gmail.com,Setter,234
829,Susan Moreno,susan.moreno828@gmail.com,Outside Hitter,413
830,Roy Black,roy.black829@icloud.com,Libero,475
831,Wendy Grant,wendy.grant830@gmail.com,Setter,804
832,Faith Gutierrez,faith.gutierrez831@gmail.com,Opposite,498
833,Judith Vargas,judith.vargas832@hotmail.com,Opposite,975
834,Ella Hanson,ella.hanson833@me.com,Setter,190
835,Jayden Martinez,jayden.martinez834@me.com,Middle Blocker,852
836,Linda Myers,linda.myers835@gmail.com,Opposite,395
837,Molly Hoffman,molly.hoffman836@icloud.com,Libero,235
838,Alice Goodwin,alice.goodwin837@gmail.com,Libero,522
839,Charlotte Lane,charlotte.lane838@icloud.com,Middle Blocker,431
840,Eleanor Bennett,eleanor.bennett839@gmail.com,Outside Hitter,637
841,Walter Hughes,walter.hughes840@yahoo.com,Setter,369
842,Gage Dunn,gage.dunn841@icloud.com,Libero,924
843,Vivian Hernandes,vivian.hernandes842@gmail.com,Libero,512
844,Lori Davis,lori.davis843@gmail.com,Middle Blocker,860
845,Helen White,helen.white844@yahoo.com,Middle Blocker,147
846,Becky Bell,becky.bell845@outlook.com,Setter,701
847,Autumn Walker,autumn.walker846@gmail.com,Setter,251
848,Randy Long,randy.long847@icloud.com,Libero,876
849,Edward Kelley,edward.kelley848@yahoo.com,Opposite,347
850,Destiny McCoy,destiny.mccoy849@icloud.com,Middle Blocker,480
851,Louise Scott,louise.scott850@gmail.com,Outside Hitter,211
852,Frank Jenkins,frank.jenkins851@hotmail.com,Setter,186
853,Holly Hart,holly.hart852@icloud.com,Libero,571
854,Alexandra Martin,alexandra.martin853@icloud.com,Libero,802
855,Janice Ortiz,janice.ortiz854@gmail.com,Opposite,206
856,Preston Austin,preston.austin855@outlook.com,Outside Hitter,577
857,Nina Hayes,nina.hayes856@yahoo.com,Opposite,70
858,Heather Stone,heather.stone857@yahoo.com,Middle Blocker,532
859,Bradley Arnold,bradley.arnold858@hotmail.com,Outside Hitter,781
860,Henry Marshall,henry.marshall859@yahoo.com,Outside Hitter,264
861,Weston Hale,weston.hale860@icloud.com,Opposite,829
862,Hazel Nunez,hazel.nunez861@gmail.com,Setter,251
863,Mason Gonzales,mason.gonzales862@live.com,Setter,420
864,Doris Andrews,doris.andrews863@outlook.com,Libero,856
865,Hugo Moore,hugo.moore864@gmail.com,Outside Hitter,110
866,Georgia Guerrero,georgia.guerrero865@gmail.com,Middle Blocker,995
867,Crystal West,crystal.west866@comcast.net,Opposite,675
868,Thelma O'Brien,thelma.obrien867@icloud.com,Setter,335
869,Gregory Evans,gregory.evans868@gmail.com,Opposite,638
870,Diana Jensen,diana.jensen869@gmail.com,Setter,237
871,Bryson Garcia,bryson.garcia870@icloud.com,Middle Blocker,683
872,Nancy Lopez,nancy.lopez871@outlook.com,Outside Hitter,699
873,Shirley Sandoval,shirley.sandoval872@gmail.com,Opposite,746
874,Andrea Gonzalez,andrea.gonzalez873@gmail.com,Middle Blocker,598
875,Mackenzie Hunt,mackenzie.hunt874@gmail.com,Opposite,827
876,Joseph Freeman,joseph.freeman875@gmail.com,Middle Blocker,850
877,Griffin Zimmerman,griffin.zimmerman876@hotmail.com,Opposite,676
878,Larry Salazar,larry.salazar877@outlook.com,Libero,955
879,Elliott Gordon,elliott.gordon878@hotmail.com,Opposite,916
880,Brianna Warren,brianna.warren879@gmail.com,Opposite,772
881,Axel Jordan,axel.jordan880@gmail.com,Outside Hitter,7
882,Anthony Howard,anthony.howard881@gmail.com,Setter,327
883,Xavier Smith,xavier.smith882@yahoo.com,Middle Blocker,373
884,Noah Ferguson,noah.ferguson883@gmail.com,Opposite,347
885,Anna Dominguez,anna.dominguez884@yahoo.com,Middle Blocker,731
886,Wesley Simmons,wesley.simmons885@icloud.com,Libero,608
887,Josiah Perez,josiah.perez886@hotmail.com,Outside Hitter,760
888,Maya Armstrong,maya.armstrong887@gmail.com,Setter,970
889,Brooke Owens,brooke.owens888@hotmail.com,Libero,712
890,Cassandra Henry,cassandra.henry889@gmail.com,Outside Hitter,73
891,Laurie Castro,laurie.castro890@yahoo.com,Outside Hitter,743
892,Vincent Le,vincent.le891@outlook.com,Setter,894
893,Caroline Chavez,caroline.chavez892@icloud.com,Outside Hitter,968
894,Christian Butler,christian.butler893@gmail.com,Opposite,136
895,Ashley Torres,ashley.torres894@gmail.com,Libero,899
896,Frances Simpson,frances.simpson895@gmail.com,Middle Blocker,783
897,Jonah Estrada,jonah.estrada896@gmail.com,Outside Hitter,768
898,Courtney Li,courtney.li897@hotmail.com,Setter,136
899,Christina James,christina.james898@gmail.com,Middle Blocker,650
900,Kristen Mills,kristen.mills899@icloud.com,Opposite,800
901,Madison Daniels,madison.daniels900@gmail.com,Libero,477
902,Regina Harvey,regina.harvey901@gmail.com,Outside Hitter,70
903,Ryan Reid,ryan.reid902@me.com,Outside Hitter,152
904,Terry Edwards,terry.edwards903@gmail.com,Opposite,65
905,Roman Adams,roman.adams904@gmail.com,Opposite,168
906,Debra Lynch,debra.lynch905@outlook.com,Outside Hitter,96
907,Owen Berry,owen.berry906@outlook.com,Outside Hitter,15
908,Jasmine Ward,jasmine.ward907@icloud.com,Opposite,858
909,Anita Contreras,anita.contreras908@gmail.com,Middle Blocker,856
910,Scott Stewart,scott.stewart909@icloud.com,Setter,705
911,Paula Hansen,paula.hansen910@aol.com,Outside Hitter,369
912,Adrian Munoz,adrian.munoz911@icloud.com,Setter,850
913,Billy Willis,billy.willis912@gmail.com,Outside Hitter,283
914,Maddox Wilson,maddox.wilson913@gmail.com,Outside Hitter,158
915,Abigail Wood,abigail.wood914@gmail.com,Middle Blocker,265
916,Vanessa Montgomery,vanessa.montgomery915@gmail.com,Outside Hitter,138
917,Evan Anderson,evan.anderson916@icloud.com,Outside Hitter,750
918,Hayden Young,hayden.young917@gmail.com,Opposite,840
919,Ivy Lewis,ivy.lewis918@gmail.com,Setter,256
920,Audrey Ortega,audrey.ortega919@gmail.com,Opposite,401
921,Richard Vasquez,richard.vasquez920@gmail.com,Opposite,390
922,Scarlett Campbell,scarlett.campbell921@gmail.com,Libero,911
923,Daniel Ryan,daniel.ryan922@gmail.com,Setter,714
924,Asher Ramirez,asher.ramirez923@gmail.com,Outside Hitter,308
925,Teresa Ray,teresa.ray924@aol.com,Opposite,806
926,Joe Maldonado,joe.maldonado925@yahoo.com,Opposite,546
927,Meredith Carroll,meredith.carroll926@gmail.com,Opposite,441
928,Brooklyn Stephens,brooklyn.stephens927@gmail.com,Setter,525
929,Chloe Ross,chloe.ross928@icloud.com,Middle Blocker,534
930,Rosa Murray,rosa.murray929@gmail.com,Opposite,414
931,Paige Diaz,paige.diaz930@hotmail.com,Opposite,803
932,Amanda Ford,amanda.ford931@gmail.com,Setter,90
933,Kinsley Aguilar,kinsley.aguilar932@att.net,Libero,257
934,Angela Hamilton,angela.hamilton933@gmail.com,Setter,993
935,Dean Morgan,dean.morgan934@icloud.com,Opposite,338
936,Valerie Phillips,valerie.phillips935@yahoo.com,Outside Hitter,153
937,Stephanie Morrison,stephanie.morrison936@aol.com,Opposite,820
938,Everly Santos,everly.santos937@live.com,Libero,256
939,Wanda Graham,wanda.graham938@gmail.com,Libero,956
940,Carol Palmer,carol.palmer939@gmail.com,Opposite,34
941,Mia Nguyen,mia.nguyen940@icloud.com,Libero,790
942,Claire Stevens,claire.stevens941@yahoo.com,Opposite,779
943,Delilah Jackson,delilah.jackson942@icloud.com,Libero,341
944,Jack Bishop,jack.bishop943@gmail.com,Outside Hitter,494
945,Willow Coleman,willow.coleman944@gmail.com,Opposite,709
946,Shannon Dean,shannon.dean945@outlook.com,Opposite,150
947,Gavin Cunningham,gavin.cunningham946@gmail.com,Middle Blocker,550
948,Jacob Thomas,jacob.thomas947@me.com,Setter,759
949,Spencer Bailey,spencer.bailey948@icloud.com,Outside Hitter,576
950,Lisa Vega,lisa.vega949@outlook.com,Libero,406
951,Lincoln Riley,lincoln.riley950@icloud.com,Setter,496
952,Beckett Sanders,beckett.sanders951@icloud.com,Setter,205
953,Summer Taylor,summer.taylor952@comcast.net,Middle Blocker,709
954,Steven Bradley,steven.bradley953@gmail.com,Setter,869
955,Danielle Ellis,danielle.ellis954@aol.com,Libero,84
956,Avery Peters,avery.peters955@icloud.com,Outside Hitter,167
957,Gloria Wheeler,gloria.wheeler956@me.com,Setter,409
958,Katie King,katie.king957@icloud.com,Opposite,499
959,Gail Oliver,gail.oliver958@gmail.com,Setter,817
960,Harold Reyes,harold.reyes959@gmail.com,Outside Hitter,737
961,Rose Peterson,rose.peterson960@icloud.com,Middle Blocker,734
962,Zachary Walsh,zachary.walsh961@outlook.com,Outside Hitter,904
963,Ezekiel Wallace,ezekiel.wallace962@proton.me,Opposite,498
964,Max Larson,max.larson963@icloud.com,Libero,453
965,Lydia Romero,lydia.romero964@outlook.com,Opposite,338
966,Mildred Gibson,mildred.gibson965@att.net,Middle Blocker,736
967,Paul Sullivan,paul.sullivan966@gmail.com,Middle Blocker,95
968,Brooklyn Rice,brooklyn.rice967@gmail.com,Libero,130
969,Gage Richards,gage.richards968@icloud.com,Libero,168
970,Roman Griffin,roman.griffin969@yahoo.com,Middle Blocker,737
971,Brandon Pena,brandon.pena970@icloud.com,Outside Hitter,416
972,Brenda Gilbert,brenda.gilbert971@hotmail.com,Setter,544
973,Carl Rivera,carl.rivera972@hotmail.com,Setter,858
974,Kaiden Gardner,kaiden.gardner973@yahoo.com,Opposite,972
975,Christine Castillo,christine.castillo974@gmail.com,Opposite,616
976,Julia Lee,julia.lee975@comcast.net,Outside Hitter,165
977,Jude Kim,jude.kim976@icloud.com,Middle Blocker,730
978,Emmett Wong,emmett.wong977@hotmail.com,Outside Hitter,722
979,Oliver Collins,oliver.collins978@gmail.com,Setter,347
980,Sharon Holmes,sharon.holmes979@outlook.com,Libero,660
981,Destiny Shaw,destiny.shaw980@gmail.com,Outside Hitter,671
982,Stephanie Burns,stephanie.burns981@gmail.com,Libero,268
983,Vivian Delgado,vivian.delgado982@gmail.com,Opposite,297
984,Mary Harrison,mary.harrison983@icloud.com,Setter,328
985,Bryan Harris,bryan.harris984@icloud.com,Setter,258
986,Theo George,theo.george985@icloud.com,Setter,876
987,Danielle Hicks,danielle.hicks986@icloud.com,Outside Hitter,701
988,Alexis Mendez,alexis.mendez987@gmail.com,Outside Hitter,590
989,Ryker Henderson,ryker.henderson988@gmail.com,Middle Blocker,580
990,Pauline Richardson,pauline.richardson989@gmail.com,Setter,651
991,Edward Boyd,edward.boyd990@hotmail.com,Libero,892
992,Adam Parsons,adam.parsons991@gmail.com,Setter,828
993,David Reed,david.reed992@gmail.com,Middle Blocker,500
994,Randy Tran,randy.tran993@twc.com,Setter,732
995,Ellie Newman,ellie.newman994@gmail.com,Middle Blocker,317
996,Arthur Olson,arthur.olson995@icloud.com,Libero,380
997,Nora Duncan,nora.duncan996@icloud.com,Setter,290
998,Ivy Carpenter,ivy.carpenter997@gmail.com,Setter,780
999,Dawn Franklin,dawn.franklin998@icloud.com,Setter,147
1000,Kimberly Chambers,kimberly.chambers999@gmail.com,Libero,575
